Scenario,Seed,GeneratorSeed,Method,Rank,TargetEntryRate,TargetBlockRate,TargetSliceRate,ActualEntryRate,ActualBlockRate,ActualSliceRate,ActualTotalRate,NRE,MPSNR,MSSIM,SAMdeg,DetectionPrecision,DetectionRecall,DetectionF1,MaskPrecision,MaskRecall,MaskF1,LevelMacroF1,LevelF1Entry,LevelF1Block,LevelF1Slice,SelectedFraction,rESS,Iterations,FinalRelChange,ToleranceMet,OutOfRangeFraction,RuntimeSec
Entry,20280001,20281001,tSVD-LRA,25,0.05,0,0,0.0499999407425668,0,0,0.0499999407425668,0.556281915432205,18.5951789039788,0.195867265110874,31.9877153206705,NaN,NaN,NaN,NaN,NaN,NaN,NaN,NaN,NaN,NaN,NaN,NaN,NaN,NaN,NaN,0.102752685546875,1.9229047
Entry,20280001,20281001,TNN-TRPCA,25,0.05,0,0,0.0499999407425668,0,0,0.0499999407425668,0.0556391233821968,43.0836444662917,0.98314912995568,2.82630897634564,NaN,NaN,NaN,NaN,NaN,NaN,NaN,NaN,NaN,NaN,NaN,NaN,NaN,NaN,NaN,6.20721613319175e-05,80.3939338
Entry,20280001,20281001,p-TRPCA,25,0.05,0,0,0.0499999407425668,0,0,0.0499999407425668,0.05198809330512,42.2224215448257,0.986326823401599,2.30806536591918,NaN,NaN,NaN,NaN,NaN,NaN,NaN,NaN,NaN,NaN,NaN,NaN,NaN,NaN,NaN,8.75528576304612e-05,298.7540342
Entry,20280001,20281001,HCL-TRPCA,25,0.05,0,0,0.0499999407425668,0,0,0.0499999407425668,0.235650032193196,26.3818486576147,0.715810272606724,8.00477967242844,0.437047033408795,0.999845930490948,0.608228599854728,0.513548758182665,0.999955556872389,0.678591966156358,0.682767327491033,0.682767327491033,NaN,NaN,0.0973572962492415,0.902837331465735,80,0.000864677582760314,0,0.00474770555218447,157.826408
Block,20280001,20282001,tSVD-LRA,25,0,0.1,0,0,0.100009955248786,0,0.100009955248786,0.780067652513724,15.6638547312122,0.160244932944465,39.634767881217,NaN,NaN,NaN,NaN,NaN,NaN,NaN,NaN,NaN,NaN,NaN,NaN,NaN,NaN,NaN,0.154255987371056,1.6832156
Block,20280001,20282001,TNN-TRPCA,25,0,0.1,0,0,0.100009955248786,0,0.100009955248786,0.0588243495724605,42.2698770098125,0.981639687509894,2.97979009033467,NaN,NaN,NaN,NaN,NaN,NaN,NaN,NaN,NaN,NaN,NaN,NaN,NaN,NaN,NaN,8.0590109223301e-05,74.3236605
Block,20280001,20282001,p-TRPCA,25,0,0.1,0,0,0.100009955248786,0,0.100009955248786,0.0551639003649314,41.5596261979121,0.98494151237258,2.46849646955802,NaN,NaN,NaN,NaN,NaN,NaN,NaN,NaN,NaN,NaN,NaN,NaN,NaN,NaN,NaN,0.000114959420509709,314.7357243
Block,20280001,20282001,HCL-TRPCA,25,0,0.1,0,0,0.100009955248786,0,0.100009955248786,0.305503467514556,23.9416346064376,0.71535097219413,12.0287696937784,0.699798431878901,0.998711279122129,0.822952712607734,0.765335830540603,0.999967411655962,0.867058838640071,0.946483159788948,NaN,0.946483159788948,NaN,0.130670343787925,0.869590885831307,80,0.00277072426315364,0,0.0125205030719053,152.961609
Slice,20280001,20283001,tSVD-LRA,25,0,0,0.1,0,0,0.0970873786407767,0.0970873786407767,0.754741907016058,17.2895260720614,0.164539094155666,40.3439457735898,NaN,NaN,NaN,NaN,NaN,NaN,NaN,NaN,NaN,NaN,NaN,NaN,NaN,NaN,NaN,0.144653172168917,1.7461695
Slice,20280001,20283001,TNN-TRPCA,25,0,0,0.1,0,0,0.0970873786407767,0.0970873786407767,0.0718875676440083,42.3620003714034,0.981688660732901,3.79045579798528,NaN,NaN,NaN,NaN,NaN,NaN,NaN,NaN,NaN,NaN,NaN,NaN,NaN,NaN,NaN,3.9258049529733e-05,74.3106216
Slice,20280001,20283001,p-TRPCA,25,0,0,0.1,0,0,0.0970873786407767,0.0970873786407767,0.0684879485186246,41.7116611356915,0.985451953569084,3.42243826150725,NaN,NaN,NaN,NaN,NaN,NaN,NaN,NaN,NaN,NaN,NaN,NaN,NaN,NaN,NaN,4.99243875151699e-05,301.5714322
Slice,20280001,20283001,HCL-TRPCA,25,0,0,0.1,0,0,0.0970873786407767,0.0970873786407767,0.38981624520013,27.7028694824646,0.745352928116415,20.5489686584826,0.696890855243688,0.998886108398438,0.820997819050139,0.717841773594166,0.999790954589844,0.835675404048649,0.999442743837739,NaN,NaN,0.999442743837739,0.135220722087379,0.865049605237516,80,0.00275609656248065,0,0.0188320122876214,152.2315844
Mixed,20280001,20284001,tSVD-LRA,25,0.05,0.1,0.1,0.0499999407425668,0.100000474059466,0.0970873786407767,0.247087793442809,1.18899986905862,12.1320758541561,0.0638661860644857,52.7121381843142,NaN,NaN,NaN,NaN,NaN,NaN,NaN,NaN,NaN,NaN,NaN,NaN,NaN,NaN,NaN,0.247974580931432,1.7133266
Mixed,20280001,20284001,TNN-TRPCA,25,0.05,0.1,0.1,0.0499999407425668,0.100000474059466,0.0970873786407767,0.247087793442809,0.0688626082082562,39.8509193597061,0.974391857622489,3.43670807219707,NaN,NaN,NaN,NaN,NaN,NaN,NaN,NaN,NaN,NaN,NaN,NaN,NaN,NaN,NaN,0.000148736157463592,74.2021861
Mixed,20280001,20284001,p-TRPCA,25,0.05,0.1,0.1,0.0499999407425668,0.100000474059466,0.0970873786407767,0.247087793442809,0.0645160050376394,39.6762097490949,0.979678410209792,2.98349107119413,NaN,NaN,NaN,NaN,NaN,NaN,NaN,NaN,NaN,NaN,NaN,NaN,NaN,NaN,NaN,0.000155698905870752,328.8428296
Mixed,20280001,20284001,HCL-TRPCA,25,0.05,0.1,0.1,0.0499999407425668,0.100000474059466,0.0970873786407767,0.247087793442809,0.373211452683271,26.6442779168453,0.704113454413634,19.4893625122401,0.954079422300029,0.999526348796746,0.976274267349528,0.978665486827443,0.999961028698466,0.989198658039353,0.955340839795008,0.885320485650977,0.981281440296532,0.999420593437514,0.252464368505385,0.748040392861288,80,0.00255324143600283,0,0.0247075349381826,151.0033796
Entry,20280002,20281002,tSVD-LRA,25,0.05,0,0,0.0499999407425668,0,0,0.0499999407425668,0.556449562169063,18.5926412762121,0.195766675468531,32.0177619921153,NaN,NaN,NaN,NaN,NaN,NaN,NaN,NaN,NaN,NaN,NaN,NaN,NaN,NaN,NaN,0.103145858616505,1.7026286
Entry,20280002,20281002,TNN-TRPCA,25,0.05,0,0,0.0499999407425668,0,0,0.0499999407425668,0.0555907465213603,43.1210913872349,0.983148204311723,2.82969974615156,NaN,NaN,NaN,NaN,NaN,NaN,NaN,NaN,NaN,NaN,NaN,NaN,NaN,NaN,NaN,6.56276073270631e-05,75.1120115
Entry,20280002,20281002,p-TRPCA,25,0.05,0,0,0.0499999407425668,0,0,0.0499999407425668,0.0518480487127515,42.2832013501799,0.986346075932005,2.31133092857878,NaN,NaN,NaN,NaN,NaN,NaN,NaN,NaN,NaN,NaN,NaN,NaN,NaN,NaN,NaN,9.25897394569175e-05,312.6256316
Entry,20280002,20281002,HCL-TRPCA,25,0.05,0,0,0.0499999407425668,0,0,0.0499999407425668,0.237419908977117,26.2693977477976,0.714191705375231,8.05960664037553,0.43613042466851,0.999878522117863,0.607346417226826,0.511726283614133,0.999988148499304,0.677006461034207,0.681960219180626,0.681960219180626,NaN,NaN,0.0977072113925971,0.902488115882311,80,0.000923161792290826,0,0.00466178227396845,151.3396748
Block,20280002,20282002,tSVD-LRA,25,0,0.1,0,0,0.100021806735437,0,0.100021806735437,0.779968507585467,15.6689367955416,0.159683271207061,39.64454456557,NaN,NaN,NaN,NaN,NaN,NaN,NaN,NaN,NaN,NaN,NaN,NaN,NaN,NaN,NaN,0.154395094195616,1.7054038
Block,20280002,20282002,TNN-TRPCA,25,0,0.1,0,0,0.100021806735437,0,0.100021806735437,0.0589343636758329,42.2749137826901,0.981965986395374,2.96429666858322,NaN,NaN,NaN,NaN,NaN,NaN,NaN,NaN,NaN,NaN,NaN,NaN,NaN,NaN,NaN,6.22203049150485e-05,74.3335266
Block,20280002,20282002,p-TRPCA,25,0,0.1,0,0,0.100021806735437,0,0.100021806735437,0.055011244327963,41.5898038289911,0.985328121401687,2.43410411647844,NaN,NaN,NaN,NaN,NaN,NaN,NaN,NaN,NaN,NaN,NaN,NaN,NaN,NaN,NaN,9.05157292930825e-05,316.0825669
Block,20280002,20282002,HCL-TRPCA,25,0,0.1,0,0,0.100021806735437,0,0.100021806735437,0.303555550444518,24.0751679913476,0.717088087241629,12.4947911692322,0.692187602640741,0.998831401962178,0.817706615578621,0.750451018250816,0.999942236598891,0.857416089291395,0.93909630317371,NaN,0.93909630317371,NaN,0.133274559835786,0.866991876461703,80,0.00263403868532878,0,0.012494133514108,152.8800322
Slice,20280002,20283002,tSVD-LRA,25,0,0,0.1,0,0,0.0970873786407767,0.0970873786407767,0.755404819398071,17.2687976456857,0.165509895370308,40.3683517190759,NaN,NaN,NaN,NaN,NaN,NaN,NaN,NaN,NaN,NaN,NaN,NaN,NaN,NaN,NaN,0.144539842327822,1.7541466
Slice,20280002,20283002,TNN-TRPCA,25,0,0,0.1,0,0,0.0970873786407767,0.0970873786407767,0.0656027575853505,42.4239184610491,0.980840709813524,3.46790326188325,NaN,NaN,NaN,NaN,NaN,NaN,NaN,NaN,NaN,NaN,NaN,NaN,NaN,NaN,NaN,7.74790939775485e-05,74.6919231
Slice,20280002,20283002,p-TRPCA,25,0,0,0.1,0,0,0.0970873786407767,0.0970873786407767,0.0645085855755838,41.7597840799967,0.984100315181962,3.19625550790054,NaN,NaN,NaN,NaN,NaN,NaN,NaN,NaN,NaN,NaN,NaN,NaN,NaN,NaN,NaN,8.88861498786408e-05,301.4438154
Slice,20280002,20283002,HCL-TRPCA,25,0,0,0.1,0,0,0.0970873786407767,0.0970873786407767,0.38613326244784,27.5991589393736,0.743528726787502,20.6975874701526,0.68651752913132,0.998860168457031,0.813746397354196,0.711352337118169,0.9999267578125,0.83130827487346,0.999429759239313,NaN,NaN,0.999429759239313,0.136472831652002,0.863799999063675,80,0.00262552899027985,0,0.0239678540276092,152.9493898
Mixed,20280002,20284002,tSVD-LRA,25,0.05,0.1,0.1,0.0499999407425668,0.100000474059466,0.0970873786407767,0.247087793442809,1.18838310170239,12.1358172383476,0.0639219504158937,52.6826362744978,NaN,NaN,NaN,NaN,NaN,NaN,NaN,NaN,NaN,NaN,NaN,NaN,NaN,NaN,NaN,0.247755032141232,1.8008983
Mixed,20280002,20284002,TNN-TRPCA,25,0.05,0.1,0.1,0.0499999407425668,0.100000474059466,0.0970873786407767,0.247087793442809,0.0763555578666516,40.1642240350062,0.975757992896787,3.9598100283479,NaN,NaN,NaN,NaN,NaN,NaN,NaN,NaN,NaN,NaN,NaN,NaN,NaN,NaN,NaN,8.99231549605582e-05,74.1199089
Mixed,20280002,20284002,p-TRPCA,25,0.05,0.1,0.1,0.0499999407425668,0.100000474059466,0.0970873786407767,0.247087793442809,0.0727382027668573,39.9184258277487,0.980533070125637,3.56360400126552,NaN,NaN,NaN,NaN,NaN,NaN,NaN,NaN,NaN,NaN,NaN,NaN,NaN,NaN,NaN,8.85898627123786e-05,322.5256394
Mixed,20280002,20284002,HCL-TRPCA,25,0.05,0.1,0.1,0.0499999407425668,0.100000474059466,0.0970873786407767,0.247087793442809,0.375800522241259,26.6170283551222,0.70508167203094,19.6213538921922,0.954984407258129,0.999524550121291,0.976746979269259,0.977686864595308,0.999965825166347,0.988700854675521,0.955845086758804,0.886740468792608,0.981377253350873,0.999417538132931,0.252718286606872,0.747786982542313,80,0.00269120421874439,0,0.0251024857308101,149.6709508
Entry,20280003,20281003,tSVD-LRA,25,0.05,0,0,0.0499999407425668,0,0,0.0499999407425668,0.555966714467619,18.5999644953104,0.196342821459025,31.9676106957986,NaN,NaN,NaN,NaN,NaN,NaN,NaN,NaN,NaN,NaN,NaN,NaN,NaN,NaN,NaN,0.102998900182039,1.742659
Entry,20280003,20281003,TNN-TRPCA,25,0.05,0,0,0.0499999407425668,0,0,0.0499999407425668,0.0556052317564645,43.1416622181023,0.983130232068134,2.8312409202837,NaN,NaN,NaN,NaN,NaN,NaN,NaN,NaN,NaN,NaN,NaN,NaN,NaN,NaN,NaN,6.62201816595874e-05,74.0283195
Entry,20280003,20281003,p-TRPCA,25,0.05,0,0,0.0499999407425668,0,0,0.0499999407425668,0.0518192605553334,42.3118546239377,0.986334763114215,2.31459746582408,NaN,NaN,NaN,NaN,NaN,NaN,NaN,NaN,NaN,NaN,NaN,NaN,NaN,NaN,NaN,9.24415958737864e-05,302.0453293
Entry,20280003,20281003,HCL-TRPCA,25,0.05,0,0,0.0499999407425668,0,0,0.0499999407425668,0.233375582637158,26.5849292864715,0.717529351844363,8.0801927276215,0.433497448360284,0.999928890995822,0.604797903997118,0.500758180485532,0.999976296998607,0.667334986337015,0.685906382978723,0.685906382978723,NaN,NaN,0.0998461084458434,0.900353494977842,80,0.000826725923490944,0,0.00457674785725121,156.3328062
Block,20280003,20282003,tSVD-LRA,25,0,0.1,0,0,0.100045509708738,0,0.100045509708738,0.781399627382505,15.6516967688766,0.162295615856615,39.563629317675,NaN,NaN,NaN,NaN,NaN,NaN,NaN,NaN,NaN,NaN,NaN,NaN,NaN,NaN,NaN,0.153968440676198,1.8213406
Block,20280003,20282003,TNN-TRPCA,25,0,0.1,0,0,0.100045509708738,0,0.100045509708738,0.0588447730651722,42.4442731869041,0.981624113680018,2.98258358313844,NaN,NaN,NaN,NaN,NaN,NaN,NaN,NaN,NaN,NaN,NaN,NaN,NaN,NaN,NaN,0.000103552364608617,76.1236886
Block,20280003,20282003,p-TRPCA,25,0,0.1,0,0,0.100045509708738,0,0.100045509708738,0.0549645034708463,41.7329063137832,0.984979398174994,2.45976364212979,NaN,NaN,NaN,NaN,NaN,NaN,NaN,NaN,NaN,NaN,NaN,NaN,NaN,NaN,NaN,0.000142217839805825,319.9095004
Block,20280003,20282003,HCL-TRPCA,25,0,0.1,0,0,0.100045509708738,0,0.100045509708738,0.30647241289036,23.9456694639824,0.715007932430803,12.1513543866455,0.693637760422559,0.998725063968916,0.818681912252912,0.75250029251333,0.999943731046247,0.858752622044696,0.940330446934662,NaN,0.940330446934662,NaN,0.132943310783905,0.867322463237414,80,0.00257683494254891,0,0.0127307188163683,154.6340071
Slice,20280003,20283003,tSVD-LRA,25,0,0,0.1,0,0,0.0970873786407767,0.0970873786407767,0.755174936808344,17.095213103828,0.15739018084484,40.3837092435971,NaN,NaN,NaN,NaN,NaN,NaN,NaN,NaN,NaN,NaN,NaN,NaN,NaN,NaN,NaN,0.146899917750683,1.799389
Slice,20280003,20283003,TNN-TRPCA,25,0,0,0.1,0,0,0.0970873786407767,0.0970873786407767,0.0588265257405998,42.0502504629334,0.98096424832953,3.08202958509639,NaN,NaN,NaN,NaN,NaN,NaN,NaN,NaN,NaN,NaN,NaN,NaN,NaN,NaN,NaN,0.000114959420509709,75.0856576
Slice,20280003,20283003,p-TRPCA,25,0,0,0.1,0,0,0.0970873786407767,0.0970873786407767,0.0557013850377294,41.3584499221761,0.98470856968356,2.64355748111167,NaN,NaN,NaN,NaN,NaN,NaN,NaN,NaN,NaN,NaN,NaN,NaN,NaN,NaN,NaN,0.000122218456083131,301.4087939
Slice,20280003,20283003,HCL-TRPCA,25,0,0,0.1,0,0,0.0970873786407767,0.0970873786407767,0.388556907853037,27.6955280424706,0.744867009598571,20.5854808474812,0.680889169936795,0.998934936523437,0.809803808785156,0.696569090671375,0.9999267578125,0.821125584303544,0.999467184520565,NaN,NaN,0.999467184520565,0.139369186845798,0.860909434682812,80,0.00244191650036592,0,0.0229960321222694,156.1971885
Mixed,20280003,20284003,tSVD-LRA,25,0.05,0.1,0.1,0.0499999407425668,0.100031287924757,0.0970873786407767,0.247118607308101,1.18840051674372,12.1334839574732,0.0637729442779036,52.6709834014741,NaN,NaN,NaN,NaN,NaN,NaN,NaN,NaN,NaN,NaN,NaN,NaN,NaN,NaN,NaN,0.246795358009709,1.843197
Mixed,20280003,20284003,TNN-TRPCA,25,0.05,0.1,0.1,0.0499999407425668,0.100031287924757,0.0970873786407767,0.247118607308101,0.0673561384690065,39.9288625402043,0.974364099184733,3.39776288453439,NaN,NaN,NaN,NaN,NaN,NaN,NaN,NaN,NaN,NaN,NaN,NaN,NaN,NaN,NaN,0.000195697673316141,74.6973918
Mixed,20280003,20284003,p-TRPCA,25,0.05,0.1,0.1,0.0499999407425668,0.100031287924757,0.0970873786407767,0.247118607308101,0.0633472479530928,39.7496177641676,0.979074670116013,2.91971452257206,NaN,NaN,NaN,NaN,NaN,NaN,NaN,NaN,NaN,NaN,NaN,NaN,NaN,NaN,NaN,0.000203401139638956,316.9292051
Mixed,20280003,20284003,HCL-TRPCA,25,0.05,0.1,0.1,0.0499999407425668,0.100031287924757,0.0970873786407767,0.247118607308101,0.378764339555867,26.6231684040098,0.705232298687925,19.7853476473107,0.954398856021515,0.999474852257236,0.976416901025714,0.979857618759219,0.999964030976523,0.989808727840013,0.95546068564662,0.885742471931226,0.981288504367045,0.99935108064159,0.252189414015094,0.748314797501086,80,0.00261614528582121,0,0.0274061184484982,154.4826946
Entry,20280004,20281004,tSVD-LRA,25,0.05,0,0,0.0499999407425668,0,0,0.0499999407425668,0.55622245166911,18.5959576723867,0.196187988451592,32.0232892462803,NaN,NaN,NaN,NaN,NaN,NaN,NaN,NaN,NaN,NaN,NaN,NaN,NaN,NaN,NaN,0.103086601183252,1.7789022
Entry,20280004,20281004,TNN-TRPCA,25,0.05,0,0,0.0499999407425668,0,0,0.0499999407425668,0.0556390011472867,43.0858945917306,0.98314046648786,2.82840847602773,NaN,NaN,NaN,NaN,NaN,NaN,NaN,NaN,NaN,NaN,NaN,NaN,NaN,NaN,NaN,7.02200584041262e-05,75.220181
Entry,20280004,20281004,p-TRPCA,25,0.05,0,0,0.0499999407425668,0,0,0.0499999407425668,0.0519364619557518,42.2431038103414,0.986318406898139,2.31163076100021,NaN,NaN,NaN,NaN,NaN,NaN,NaN,NaN,NaN,NaN,NaN,NaN,NaN,NaN,NaN,9.67377597845874e-05,290.0108438
Entry,20280004,20281004,HCL-TRPCA,25,0.05,0,0,0.0499999407425668,0,0,0.0499999407425668,0.23078811806698,26.5738214933053,0.717831775276304,7.89465461592276,0.439307080710414,0.99993481674617,0.610430318936312,0.512145748987854,0.999976296998607,0.677370733342298,0.687014800156944,0.687014800156944,NaN,NaN,0.0976260287090413,0.902569136263195,80,0.000834017681426807,0,0.00468667039593447,153.3733534
Block,20280004,20282004,tSVD-LRA,25,0,0.1,0,0,0.100021806735437,0,0.100021806735437,0.781745165280566,15.6496766371787,0.16206307815282,39.4833784235594,NaN,NaN,NaN,NaN,NaN,NaN,NaN,NaN,NaN,NaN,NaN,NaN,NaN,NaN,NaN,0.153422679715944,1.7147928
Block,20280004,20282004,TNN-TRPCA,25,0,0.1,0,0,0.100021806735437,0,0.100021806735437,0.0587042047053484,42.2791917357024,0.981710562586026,2.95398842454858,NaN,NaN,NaN,NaN,NaN,NaN,NaN,NaN,NaN,NaN,NaN,NaN,NaN,NaN,NaN,8.23678322208738e-05,75.0969784
Block,20280004,20282004,p-TRPCA,25,0,0.1,0,0,0.100021806735437,0,0.100021806735437,0.0549202646079743,41.5975076082169,0.985041759998609,2.43271705942746,NaN,NaN,NaN,NaN,NaN,NaN,NaN,NaN,NaN,NaN,NaN,NaN,NaN,NaN,NaN,0.000105774518355583,313.6406946
Block,20280004,20282004,HCL-TRPCA,25,0,0.1,0,0,0.100021806735437,0,0.100021806735437,0.302571967125597,24.0407940605825,0.712274284625796,11.4030018935931,0.685221675377453,0.998681809564434,0.812776300825038,0.750276173096628,0.999894840987725,0.857284538205904,0.938741450203266,NaN,0.938741450203266,NaN,0.133299299814169,0.866967185946715,80,0.00283732818951373,0,0.0119409653746966,155.6667483
Slice,20280004,20283004,tSVD-LRA,25,0,0,0.1,0,0,0.0970873786407767,0.0970873786407767,0.754894143513871,17.4761536086585,0.174920774580854,40.3337383115523,NaN,NaN,NaN,NaN,NaN,NaN,NaN,NaN,NaN,NaN,NaN,NaN,NaN,NaN,NaN,0.140522929071223,1.8343845
Slice,20280004,20283004,TNN-TRPCA,25,0,0,0.1,0,0,0.0970873786407767,0.0970873786407767,0.0683171179725702,42.6082057605538,0.979343779467077,3.63952423797881,NaN,NaN,NaN,NaN,NaN,NaN,NaN,NaN,NaN,NaN,NaN,NaN,NaN,NaN,NaN,0.000116292712757888,76.1591631
Slice,20280004,20283004,p-TRPCA,25,0,0,0.1,0,0,0.0970873786407767,0.0970873786407767,0.0673932952841232,41.8291255239389,0.98207277163801,3.3913631669239,NaN,NaN,NaN,NaN,NaN,NaN,NaN,NaN,NaN,NaN,NaN,NaN,NaN,NaN,NaN,0.000145773285800971,309.6350466
Slice,20280004,20283004,HCL-TRPCA,25,0,0,0.1,0,0,0.0970873786407767,0.0970873786407767,0.389231535167316,27.6142114526556,0.748519492206437,20.8502924092046,0.685776897396602,0.998944091796875,0.813253689292589,0.731820516829339,0.999932861328125,0.845121935492191,0.999471767015667,NaN,NaN,0.999471767015667,0.132656652950546,0.867608547947437,80,0.00243227100927925,0,0.0257672059883192,162.3354549
Mixed,20280004,20284004,tSVD-LRA,25,0.05,0.1,0.1,0.0499999407425668,0.100038398816748,0.0970873786407767,0.247125718200091,1.18743576974496,12.1411453720826,0.0633363317368791,52.7421010397357,NaN,NaN,NaN,NaN,NaN,NaN,NaN,NaN,NaN,NaN,NaN,NaN,NaN,NaN,NaN,0.247547334837682,1.7454548
Mixed,20280004,20284004,TNN-TRPCA,25,0.05,0.1,0.1,0.0499999407425668,0.100038398816748,0.0970873786407767,0.247125718200091,0.0654785861260981,39.9671016416966,0.975996516628921,3.27697080018914,NaN,NaN,NaN,NaN,NaN,NaN,NaN,NaN,NaN,NaN,NaN,NaN,NaN,NaN,NaN,0.000210067600879854,85.5425655
Mixed,20280004,20284004,p-TRPCA,25,0.05,0.1,0.1,0.0499999407425668,0.100038398816748,0.0970873786407767,0.247125718200091,0.0619034298843713,39.7521202285505,0.980718934361702,2.76906959340028,NaN,NaN,NaN,NaN,NaN,NaN,NaN,NaN,NaN,NaN,NaN,NaN,NaN,NaN,NaN,0.000190808935072816,313.2868931
Mixed,20280004,20284004,HCL-TRPCA,25,0.05,0.1,0.1,0.0499999407425668,0.100038398816748,0.0970873786407767,0.247125718200091,0.376590720843909,26.5880168562509,0.701246519844102,19.8423714444212,0.954278809913155,0.999461679105596,0.976347787284392,0.98023304533213,0.999964631477985,0.990000531176342,0.955499181846569,0.885346852111996,0.981814891618343,0.999335801809367,0.252100231578049,0.748403801592305,80,0.0027626902443626,0,0.0275606322057039,149.5280264
Entry,20280005,20281005,tSVD-LRA,25,0.05,0,0,0.0499999407425668,0,0,0.0499999407425668,0.555759741506444,18.6033031486252,0.195877011922579,31.976785189486,NaN,NaN,NaN,NaN,NaN,NaN,NaN,NaN,NaN,NaN,NaN,NaN,NaN,NaN,NaN,0.102759796438865,1.7619801
Entry,20280005,20281005,TNN-TRPCA,25,0.05,0,0,0.0499999407425668,0,0,0.0499999407425668,0.0555128321353278,43.1712489347243,0.983144305423812,2.82930829532663,NaN,NaN,NaN,NaN,NaN,NaN,NaN,NaN,NaN,NaN,NaN,NaN,NaN,NaN,NaN,6.3257309996966e-05,73.9341425
Entry,20280005,20281005,p-TRPCA,25,0.05,0,0,0.0499999407425668,0,0,0.0499999407425668,0.0517725046592331,42.3230652045028,0.986359493743467,2.30963325407667,NaN,NaN,NaN,NaN,NaN,NaN,NaN,NaN,NaN,NaN,NaN,NaN,NaN,NaN,NaN,8.5034416717233e-05,302.7430808
Entry,20280005,20281005,HCL-TRPCA,25,0.05,0,0,0.0499999407425668,0,0,0.0499999407425668,0.23370050192623,26.4540131256128,0.717111500490339,7.97794679420067,0.436551270061171,0.999928890995822,0.607763670072385,0.510209233736805,0.999994074249652,0.675678840942965,0.684017939954515,0.684017939954515,NaN,NaN,0.0979983135334496,0.90219759572108,80,0.000819946988522819,0,0.00462859811134709,149.5926691
Block,20280005,20282005,tSVD-LRA,25,0,0.1,0,0,0.100043139411408,0,0.100043139411408,0.778675034030405,15.6806139816401,0.158336202374071,39.7628066818068,NaN,NaN,NaN,NaN,NaN,NaN,NaN,NaN,NaN,NaN,NaN,NaN,NaN,NaN,NaN,0.154586199417855,1.6839404
Block,20280005,20282005,TNN-TRPCA,25,0,0.1,0,0,0.100043139411408,0,0.100043139411408,0.0589550497499484,42.1979625634447,0.981619097346489,2.95815944976671,NaN,NaN,NaN,NaN,NaN,NaN,NaN,NaN,NaN,NaN,NaN,NaN,NaN,NaN,NaN,8.2812262970267e-05,73.2307081
Block,20280005,20282005,p-TRPCA,25,0,0.1,0,0,0.100043139411408,0,0.100043139411408,0.0552860147183388,41.4938920591064,0.984942986616666,2.44698498975672,NaN,NaN,NaN,NaN,NaN,NaN,NaN,NaN,NaN,NaN,NaN,NaN,NaN,NaN,NaN,0.000111996548847087,290.5691301
Block,20280005,20282005,HCL-TRPCA,25,0,0.1,0,0,0.100043139411408,0,0.100043139411408,0.305682761545207,23.9873649365548,0.718122468480584,12.5261658909842,0.691441118222784,0.99884793991518,0.817191039821669,0.764149139254802,0.999962980074395,0.866295109180557,0.938571386338905,NaN,0.938571386338905,NaN,0.130916113992339,0.869345607000902,80,0.00234362658615001,0,0.013080782103307,148.2241686
Slice,20280005,20283005,tSVD-LRA,25,0,0,0.1,0,0,0.0970873786407767,0.0970873786407767,0.754872514791887,17.0210487343946,0.156202254220348,40.3552935996643,NaN,NaN,NaN,NaN,NaN,NaN,NaN,NaN,NaN,NaN,NaN,NaN,NaN,NaN,NaN,0.147707744709496,1.7199846
Slice,20280005,20283005,TNN-TRPCA,25,0,0,0.1,0,0,0.0970873786407767,0.0970873786407767,0.0564170506188685,42.246411557412,0.981113106533121,2.91782938106164,NaN,NaN,NaN,NaN,NaN,NaN,NaN,NaN,NaN,NaN,NaN,NaN,NaN,NaN,NaN,0.000122366599666262,73.1716052
Slice,20280005,20283005,p-TRPCA,25,0,0,0.1,0,0,0.0970873786407767,0.0970873786407767,0.0533724978667279,41.5481685218663,0.984798712753316,2.44086168372607,NaN,NaN,NaN,NaN,NaN,NaN,NaN,NaN,NaN,NaN,NaN,NaN,NaN,NaN,NaN,0.000135255091398665,305.6538543
Slice,20280005,20283005,HCL-TRPCA,25,0,0,0.1,0,0,0.0970873786407767,0.0970873786407767,0.376533558364188,27.3793219531856,0.734864411931388,20.2572788996488,0.662388342620624,0.999229431152344,0.79666688361891,0.730170774182981,0.999952697753906,0.844027894318938,0.999614567074869,NaN,NaN,0.999614567074869,0.132959014003717,0.867306791413516,80,0.00252019190363621,0,0.0255470646237864,148.0954618
Mixed,20280005,20284005,tSVD-LRA,25,0.05,0.1,0.1,0.0499999407425668,0.100002844356796,0.0970873786407767,0.24709016374014,1.18763947978139,12.1384829730192,0.0641419311946465,52.6535037773562,NaN,NaN,NaN,NaN,NaN,NaN,NaN,NaN,NaN,NaN,NaN,NaN,NaN,NaN,NaN,0.245751390179384,1.6638778
Mixed,20280005,20284005,TNN-TRPCA,25,0.05,0.1,0.1,0.0499999407425668,0.100002844356796,0.0970873786407767,0.24709016374014,0.0701387762626019,40.1076405804023,0.971722712457441,3.61264611911967,NaN,NaN,NaN,NaN,NaN,NaN,NaN,NaN,NaN,NaN,NaN,NaN,NaN,NaN,NaN,0.00024132589692051,71.5876457
Mixed,20280005,20284005,p-TRPCA,25,0.05,0.1,0.1,0.0499999407425668,0.100002844356796,0.0970873786407767,0.24709016374014,0.0671787044652132,39.8270188630479,0.976287221402596,3.2105309697075,NaN,NaN,NaN,NaN,NaN,NaN,NaN,NaN,NaN,NaN,NaN,NaN,NaN,NaN,NaN,0.00023999260467233,308.2317136
Mixed,20280005,20284005,HCL-TRPCA,25,0.05,0.1,0.1,0.0499999407425668,0.100002844356796,0.0970873786407767,0.24709016374014,0.363722897043269,25.6243795673429,0.686797938717614,18.992032454623,0.954425239257047,0.999606093853985,0.976493333676938,0.980273234771017,0.999952635334041,0.990015148529192,0.95582111718262,0.886113213218048,0.981790548269797,0.999559590060016,0.2520506034777,0.748453330447069,80,0.002540147428901,0,0.0314302907406705,148.586715
Entry,20280006,20281006,tSVD-LRA,25,0.05,0,0,0.0499999407425668,0,0,0.0499999407425668,0.556760792757577,18.5874668754564,0.19569165068423,32.0120105317035,NaN,NaN,NaN,NaN,NaN,NaN,NaN,NaN,NaN,NaN,NaN,NaN,NaN,NaN,NaN,0.102952531240519,1.6542773
Entry,20280006,20281006,TNN-TRPCA,25,0.05,0,0,0.0499999407425668,0,0,0.0499999407425668,0.0556053202569919,43.1127456966477,0.983134484801421,2.82994088243041,NaN,NaN,NaN,NaN,NaN,NaN,NaN,NaN,NaN,NaN,NaN,NaN,NaN,NaN,NaN,6.60720380764563e-05,73.4725363
Entry,20280006,20281006,p-TRPCA,25,0.05,0,0,0.0499999407425668,0,0,0.0499999407425668,0.0519017945409118,42.2642990762761,0.986324008861218,2.31060062264952,NaN,NaN,NaN,NaN,NaN,NaN,NaN,NaN,NaN,NaN,NaN,NaN,NaN,NaN,NaN,9.11083036256068e-05,294.479162
Entry,20280006,20281006,HCL-TRPCA,25,0.05,0,0,0.0499999407425668,0,0,0.0499999407425668,0.235601267757598,26.3687440615243,0.716074455193845,8.01778060102978,0.438238066917201,0.999914076619952,0.609393677839212,0.513632794190159,0.999982222748956,0.678671468587435,0.682677279946343,0.682677279946343,NaN,NaN,0.0973439633267597,0.902850637732681,80,0.000912378370737635,0,0.00469763302108617,149.7507214
Block,20280006,20282006,tSVD-LRA,25,0,0.1,0,0,0.100045509708738,0,0.100045509708738,0.781859614256137,15.645951969168,0.162855531920113,39.612078190053,NaN,NaN,NaN,NaN,NaN,NaN,NaN,NaN,NaN,NaN,NaN,NaN,NaN,NaN,NaN,0.153899257622876,1.656775
Block,20280006,20282006,TNN-TRPCA,25,0,0.1,0,0,0.100045509708738,0,0.100045509708738,0.0590863317922196,42.3509849798165,0.981844451235946,2.98972634356185,NaN,NaN,NaN,NaN,NaN,NaN,NaN,NaN,NaN,NaN,NaN,NaN,NaN,NaN,NaN,8.17752578883495e-05,73.4445266
Block,20280006,20282006,p-TRPCA,25,0,0.1,0,0,0.100045509708738,0,0.100045509708738,0.05486112643149,41.6918366048628,0.98525344213395,2.44531810604759,NaN,NaN,NaN,NaN,NaN,NaN,NaN,NaN,NaN,NaN,NaN,NaN,NaN,NaN,NaN,0.00011377427184466,304.1990477
Block,20280006,20282006,HCL-TRPCA,25,0,0.1,0,0,0.100045509708738,0,0.100045509708738,0.30660649218577,23.9450948580241,0.717006680748901,12.3280253862771,0.687588304732624,0.998787255970432,0.814473895524136,0.751347712643742,0.99991411580743,0.857990703099539,0.939457137784191,NaN,0.939457137784191,NaN,0.133143304621132,0.867122869253828,80,0.00268351217888186,0,0.0128073090488471,148.4887496
Slice,20280006,20283006,tSVD-LRA,25,0,0,0.1,0,0,0.0970873786407767,0.0970873786407767,0.755101635391396,17.2765574815608,0.165205766887029,40.3503091529219,NaN,NaN,NaN,NaN,NaN,NaN,NaN,NaN,NaN,NaN,NaN,NaN,NaN,NaN,NaN,0.144548138368477,1.7193948
Slice,20280006,20283006,TNN-TRPCA,25,0,0,0.1,0,0,0.0970873786407767,0.0970873786407767,0.0605147089743741,42.1070853358923,0.97933165605465,3.23142902837561,NaN,NaN,NaN,NaN,NaN,NaN,NaN,NaN,NaN,NaN,NaN,NaN,NaN,NaN,NaN,0.000152587890625,73.9986877
Slice,20280006,20283006,p-TRPCA,25,0,0,0.1,0,0,0.0970873786407767,0.0970873786407767,0.0577503210929231,41.3874417970714,0.9828313180643,2.86854151966655,NaN,NaN,NaN,NaN,NaN,NaN,NaN,NaN,NaN,NaN,NaN,NaN,NaN,NaN,NaN,0.000172883561513956,287.7364112
Slice,20280006,20283006,HCL-TRPCA,25,0,0,0.1,0,0,0.0970873786407767,0.0970873786407767,0.37981973043364,27.5550626130641,0.743678406866915,20.2116692022294,0.683532872868191,0.999049377441406,0.811708421355391,0.724210335536945,0.999942016601562,0.8400282521,0.999524462692457,NaN,NaN,0.999524462692457,0.134051869216475,0.866216121180312,80,0.00248056994960955,0,0.0208915043803095,148.2053882
Mixed,20280006,20284006,tSVD-LRA,25,0.05,0.1,0.1,0.0499999407425668,0.100024177032767,0.0970873786407767,0.24711149641611,1.18795794036267,12.1356327222508,0.0640592601643511,52.7065559988762,NaN,NaN,NaN,NaN,NaN,NaN,NaN,NaN,NaN,NaN,NaN,NaN,NaN,NaN,NaN,0.247118755451684,1.7020928
Mixed,20280006,20284006,TNN-TRPCA,25,0.05,0.1,0.1,0.0499999407425668,0.100024177032767,0.0970873786407767,0.24711149641611,0.0667719735106752,39.9919887574201,0.974958300560256,3.33781784402802,NaN,NaN,NaN,NaN,NaN,NaN,NaN,NaN,NaN,NaN,NaN,NaN,NaN,NaN,NaN,0.000182957325166869,72.1601138
Mixed,20280006,20284006,p-TRPCA,25,0.05,0.1,0.1,0.0499999407425668,0.100024177032767,0.0970873786407767,0.24711149641611,0.0629273067534953,39.7737079657487,0.979687952748977,2.84888124113107,NaN,NaN,NaN,NaN,NaN,NaN,NaN,NaN,NaN,NaN,NaN,NaN,NaN,NaN,NaN,0.0001678466796875,317.5688448
Mixed,20280006,20284006,HCL-TRPCA,25,0.05,0.1,0.1,0.0499999407425668,0.100024177032767,0.0970873786407767,0.24711149641611,0.379005225922953,26.5165050865913,0.704427127551106,19.7130304930124,0.954775725744789,0.999371123476818,0.976564570964602,0.979296173220765,0.999965228943428,0.989522779545305,0.955504402662293,0.886062860480887,0.98122380294297,0.999226544563021,0.252327039403823,0.748177447333814,80,0.00274053700918052,0,0.0283652000056887,148.1476241
Entry,20280007,20281007,tSVD-LRA,25,0.05,0,0,0.0499999407425668,0,0,0.0499999407425668,0.556126622908012,18.5974790800123,0.195698624708437,31.9792859846562,NaN,NaN,NaN,NaN,NaN,NaN,NaN,NaN,NaN,NaN,NaN,NaN,NaN,NaN,NaN,0.102908384452746,1.6731811
Entry,20280007,20281007,TNN-TRPCA,25,0.05,0,0,0.0499999407425668,0,0,0.0499999407425668,0.0556574821238601,43.0865532723857,0.983118996747227,2.8299767549829,NaN,NaN,NaN,NaN,NaN,NaN,NaN,NaN,NaN,NaN,NaN,NaN,NaN,NaN,NaN,7.00719148209951e-05,73.4085776
Entry,20280007,20281007,p-TRPCA,25,0.05,0,0,0.0499999407425668,0,0,0.0499999407425668,0.0518806061992033,42.2725143235945,0.986316557874055,2.31193544874277,NaN,NaN,NaN,NaN,NaN,NaN,NaN,NaN,NaN,NaN,NaN,NaN,NaN,NaN,NaN,9.18490215412621e-05,291.4594785
Entry,20280007,20281007,HCL-TRPCA,25,0.05,0,0,0.0499999407425668,0,0,0.0499999407425668,0.235469572011876,26.3984549159187,0.714792974208442,8.07726468205006,0.436517842937653,0.999896299368908,0.607725255421086,0.509710878600425,0.999976296998607,0.675237632220748,0.684717180146483,0.684717180146483,NaN,NaN,0.0980923847087379,0.902103712615591,80,0.000912118554160303,0,0.00467807806811286,149.6182559
Block,20280007,20282007,tSVD-LRA,25,0,0.1,0,0,0.100000474059466,0,0.100000474059466,0.778536955797248,15.682417307156,0.158494970635873,39.7196610410333,NaN,NaN,NaN,NaN,NaN,NaN,NaN,NaN,NaN,NaN,NaN,NaN,NaN,NaN,NaN,0.154656715763425,1.6821312
Block,20280007,20282007,TNN-TRPCA,25,0,0.1,0,0,0.100000474059466,0,0.100000474059466,0.0589853765041066,42.322818527186,0.981702788675895,2.96639416653829,NaN,NaN,NaN,NaN,NaN,NaN,NaN,NaN,NaN,NaN,NaN,NaN,NaN,NaN,NaN,9.11083036256068e-05,73.0293256
Block,20280007,20282007,p-TRPCA,25,0,0.1,0,0,0.100000474059466,0,0.100000474059466,0.0549760604383782,41.6759017783155,0.985074902743631,2.44204806633542,NaN,NaN,NaN,NaN,NaN,NaN,NaN,NaN,NaN,NaN,NaN,NaN,NaN,NaN,NaN,0.000139106824560073,303.3356607
Block,20280007,20282007,HCL-TRPCA,25,0,0.1,0,0,0.100000474059466,0,0.100000474059466,0.310590208128657,23.8152271685807,0.719355890556882,12.9321973967935,0.694099501985571,0.9987037497926,0.818996270988975,0.77215718394026,0.999977778567873,0.871423499719212,0.941349939099004,NaN,0.941349939099004,NaN,0.129505046363016,0.870753853452834,80,0.00225360575983228,0,0.0133832913000607,148.3201374
Slice,20280007,20283007,tSVD-LRA,25,0,0,0.1,0,0,0.0970873786407767,0.0970873786407767,0.754635348124323,17.0816284495109,0.157715927240362,40.3627667726497,NaN,NaN,NaN,NaN,NaN,NaN,NaN,NaN,NaN,NaN,NaN,NaN,NaN,NaN,NaN,0.147665079357555,1.6395836
Slice,20280007,20283007,TNN-TRPCA,25,0,0,0.1,0,0,0.0970873786407767,0.0970873786407767,0.0630469036206171,42.1048924701499,0.979202298205942,3.43823298998978,NaN,NaN,NaN,NaN,NaN,NaN,NaN,NaN,NaN,NaN,NaN,NaN,NaN,NaN,NaN,0.00016369865935983,73.1016695
Slice,20280007,20283007,p-TRPCA,25,0,0,0.1,0,0,0.0970873786407767,0.0970873786407767,0.0617644398793788,41.4103655797162,0.982397987360276,3.22672467102181,NaN,NaN,NaN,NaN,NaN,NaN,NaN,NaN,NaN,NaN,NaN,NaN,NaN,NaN,NaN,0.000190808935072816,296.7154875
Slice,20280007,20283007,HCL-TRPCA,25,0,0,0.1,0,0,0.0970873786407767,0.0970873786407767,0.390308662466739,27.7876320520682,0.748272448517569,20.808397236878,0.698447619149231,0.998892211914063,0.822079202325713,0.711849677703887,0.999932861328125,0.831649895744894,0.999445798988392,NaN,NaN,0.999445798988392,0.136378316045965,0.863894325700859,80,0.00240828186517334,0,0.0236118649973453,147.7365452
Mixed,20280007,20284007,tSVD-LRA,25,0.05,0.1,0.1,0.0499999407425668,0.100040769114078,0.0970873786407767,0.247128088497421,1.18815841552847,12.1349487590687,0.0638013399126164,52.6732085336936,NaN,NaN,NaN,NaN,NaN,NaN,NaN,NaN,NaN,NaN,NaN,NaN,NaN,NaN,NaN,0.246496700546116,1.6310233
Mixed,20280007,20284007,TNN-TRPCA,25,0.05,0.1,0.1,0.0499999407425668,0.100040769114078,0.0970873786407767,0.247128088497421,0.0679761344623722,39.9498717650822,0.973258553688597,3.46256531115359,NaN,NaN,NaN,NaN,NaN,NaN,NaN,NaN,NaN,NaN,NaN,NaN,NaN,NaN,NaN,0.000210660175212379,71.617696
Mixed,20280007,20284007,p-TRPCA,25,0.05,0.1,0.1,0.0499999407425668,0.100040769114078,0.0970873786407767,0.247128088497421,0.0645148067720471,39.7137998064814,0.978489540389713,3.0605203874487,NaN,NaN,NaN,NaN,NaN,NaN,NaN,NaN,NaN,NaN,NaN,NaN,NaN,NaN,NaN,0.000181475889335558,309.848179
Mixed,20280007,20284007,HCL-TRPCA,25,0.05,0.1,0.1,0.0499999407425668,0.100040769114078,0.0970873786407767,0.247128088497421,0.372430565848571,26.1252717637369,0.696056433787974,19.3614011765665,0.955969815933614,0.999484463776387,0.977242974974101,0.980383917115937,0.999951443681264,0.990071007859327,0.956623776485527,0.88816328944786,0.982314181118981,0.999393858889739,0.25206052909777,0.748443424676116,80,0.00257908297245127,0,0.0277711442373331,149.7670978
Entry,20280008,20281008,tSVD-LRA,25,0.05,0,0,0.0499999407425668,0,0,0.0499999407425668,0.556190567975532,18.5965947292946,0.196145833258624,31.9900157117434,NaN,NaN,NaN,NaN,NaN,NaN,NaN,NaN,NaN,NaN,NaN,NaN,NaN,NaN,NaN,0.102948383220191,1.687757
Entry,20280008,20281008,TNN-TRPCA,25,0.05,0,0,0.0499999407425668,0,0,0.0499999407425668,0.0557213779995903,43.0319683437202,0.983132159302519,2.82848170085079,NaN,NaN,NaN,NaN,NaN,NaN,NaN,NaN,NaN,NaN,NaN,NaN,NaN,NaN,NaN,6.20721613319175e-05,73.9185853
Entry,20280008,20281008,p-TRPCA,25,0.05,0,0,0.0499999407425668,0,0,0.0499999407425668,0.0520257226353095,42.2029033906295,0.986323279950825,2.30928202221787,NaN,NaN,NaN,NaN,NaN,NaN,NaN,NaN,NaN,NaN,NaN,NaN,NaN,NaN,NaN,8.87380062955097e-05,295.5287546
Entry,20280008,20281008,HCL-TRPCA,25,0.05,0,0,0.0499999407425668,0,0,0.0499999407425668,0.232383257568168,26.6606044465133,0.718348067361544,8.13801903230966,0.433037232261202,0.99993481674617,0.60435094429835,0.496877401574108,0.999970371248259,0.663878703951406,0.685110713140055,0.685110713140055,NaN,NaN,0.100625343693113,0.899575817604754,80,0.000832300529238857,0,0.00459496951797633,150.3230643
Block,20280008,20282008,tSVD-LRA,25,0,0.1,0,0,0.100014695843447,0,0.100014695843447,0.781883777434811,15.6450079977089,0.16212278901836,39.5292345875398,NaN,NaN,NaN,NaN,NaN,NaN,NaN,NaN,NaN,NaN,NaN,NaN,NaN,NaN,NaN,0.153538527997952,1.7324602
Block,20280008,20282008,TNN-TRPCA,25,0,0.1,0,0,0.100014695843447,0,0.100014695843447,0.0584944208200233,42.3509400550572,0.981743257865273,2.95245435313178,NaN,NaN,NaN,NaN,NaN,NaN,NaN,NaN,NaN,NaN,NaN,NaN,NaN,NaN,NaN,9.39230317050971e-05,74.0209493
Block,20280008,20282008,p-TRPCA,25,0,0.1,0,0,0.100014695843447,0,0.100014695843447,0.0548387331699471,41.6348859913388,0.985063765215333,2.44587351323914,NaN,NaN,NaN,NaN,NaN,NaN,NaN,NaN,NaN,NaN,NaN,NaN,NaN,NaN,NaN,0.00012340360474818,304.3528791
Block,20280008,20282008,HCL-TRPCA,25,0,0.1,0,0,0.100014695843447,0,0.100014695843447,0.307823004343373,23.9033059199065,0.71297908643993,11.8927002147854,0.6968179727432,0.998558774736343,0.820836669030826,0.758792122833442,0.999921495437848,0.86282672324544,0.943887115587684,NaN,0.943887115587684,NaN,0.131797420168386,0.868466062842025,80,0.00284199263803851,0,0.0123448047823119,148.9194516
Slice,20280008,20283008,tSVD-LRA,25,0,0,0.1,0,0,0.0970873786407767,0.0970873786407767,0.754547213677987,17.0816072727489,0.157809779442514,40.350006270416,NaN,NaN,NaN,NaN,NaN,NaN,NaN,NaN,NaN,NaN,NaN,NaN,NaN,NaN,NaN,0.147602266478307,1.7769995
Slice,20280008,20283008,TNN-TRPCA,25,0,0,0.1,0,0,0.0970873786407767,0.0970873786407767,0.056979993501687,42.2620670689043,0.980302633676851,3.00144446343986,NaN,NaN,NaN,NaN,NaN,NaN,NaN,NaN,NaN,NaN,NaN,NaN,NaN,NaN,NaN,0.000274065628792476,73.5901823
Slice,20280008,20283008,p-TRPCA,25,0,0,0.1,0,0,0.0970873786407767,0.0970873786407767,0.0542990009982464,41.4702882281964,0.983690724996098,2.56746484305134,NaN,NaN,NaN,NaN,NaN,NaN,NaN,NaN,NaN,NaN,NaN,NaN,NaN,NaN,NaN,0.000279843228534587,293.5205854
Slice,20280008,20283008,HCL-TRPCA,25,0,0,0.1,0,0,0.0970873786407767,0.0970873786407767,0.385103038981538,27.3264190125694,0.73486143442866,20.8554792274717,0.680134267373257,0.998944091796875,0.809272663554435,0.731239476130273,0.99993896484375,0.844736541893619,0.999471767015667,NaN,NaN,0.999471767015667,0.132762871899651,0.867502541364936,80,0.00281603688520871,0,0.0251919644550212,148.4623716
Mixed,20280008,20284008,tSVD-LRA,25,0.05,0.1,0.1,0.0499999407425668,0.100036028519417,0.0970873786407767,0.247123347902761,1.18797752984608,12.139404967892,0.0633014571184158,52.7334194010224,NaN,NaN,NaN,NaN,NaN,NaN,NaN,NaN,NaN,NaN,NaN,NaN,NaN,NaN,NaN,0.248470861934921,1.6758812
Mixed,20280008,20284008,TNN-TRPCA,25,0.05,0.1,0.1,0.0499999407425668,0.100036028519417,0.0970873786407767,0.247123347902761,0.0749996562555636,40.0495974217869,0.976060113436436,3.79780769742017,NaN,NaN,NaN,NaN,NaN,NaN,NaN,NaN,NaN,NaN,NaN,NaN,NaN,NaN,NaN,9.09601600424757e-05,72.1646258
Mixed,20280008,20284008,p-TRPCA,25,0.05,0.1,0.1,0.0499999407425668,0.100036028519417,0.0970873786407767,0.247123347902761,0.0715135954725725,39.8213303526035,0.98061554476709,3.39681932182309,NaN,NaN,NaN,NaN,NaN,NaN,NaN,NaN,NaN,NaN,NaN,NaN,NaN,NaN,NaN,9.3626744538835e-05,310.4974557
Mixed,20280008,20284008,HCL-TRPCA,25,0.05,0.1,0.1,0.0499999407425668,0.100036028519417,0.0970873786407767,0.247123347902761,0.37347797737986,26.7802482357587,0.708736929408155,19.4011516521059,0.955981586034375,0.999522820109176,0.977267458813772,0.979806654206134,0.999958036944274,0.989779788380383,0.956738843833343,0.888374990078524,0.98242094798399,0.999420593437514,0.252205857952822,0.748298386447726,80,0.00248457075220905,0,0.0229818103382888,148.6080346
Entry,20280009,20281009,tSVD-LRA,25,0.05,0,0,0.0499999407425668,0,0,0.0499999407425668,0.556284974121073,18.5951575169615,0.195818625661517,31.9964679305077,NaN,NaN,NaN,NaN,NaN,NaN,NaN,NaN,NaN,NaN,NaN,NaN,NaN,NaN,NaN,0.103093267644493,1.6741165
Entry,20280009,20281009,TNN-TRPCA,25,0.05,0,0,0.0499999407425668,0,0,0.0499999407425668,0.055467474870429,43.1822192723145,0.983149758441689,2.82851336597083,NaN,NaN,NaN,NaN,NaN,NaN,NaN,NaN,NaN,NaN,NaN,NaN,NaN,NaN,NaN,6.59238944933252e-05,73.4478209
Entry,20280009,20281009,p-TRPCA,25,0.05,0,0,0.0499999407425668,0,0,0.0499999407425668,0.0517404175171633,42.3308437657579,0.986348896652368,2.30985868022908,NaN,NaN,NaN,NaN,NaN,NaN,NaN,NaN,NaN,NaN,NaN,NaN,NaN,NaN,NaN,8.65158525485437e-05,294.0147478
Entry,20280009,20281009,HCL-TRPCA,25,0.05,0,0,0.0499999407425668,0,0,0.0499999407425668,0.23576732719165,26.3647323429959,0.71405851990864,8.10960281049592,0.434492259165084,0.999914076619952,0.605762698174083,0.508514363373924,0.999976296998607,0.67418688549478,0.682380619505097,0.682380619505097,NaN,NaN,0.0983231924112561,0.901873366350573,80,0.000921829142609652,0,0.0048761460387591,149.9024893
Block,20280009,20282009,tSVD-LRA,25,0,0.1,0,0,0.100031287924757,0,0.100031287924757,0.780779482114799,15.6583140521291,0.162128451340803,39.605124460998,NaN,NaN,NaN,NaN,NaN,NaN,NaN,NaN,NaN,NaN,NaN,NaN,NaN,NaN,NaN,0.154047845636757,1.7228743
Block,20280009,20282009,TNN-TRPCA,25,0,0.1,0,0,0.100031287924757,0,0.100031287924757,0.0585970108908419,42.3890420149056,0.981565197979728,2.97288597493492,NaN,NaN,NaN,NaN,NaN,NaN,NaN,NaN,NaN,NaN,NaN,NaN,NaN,NaN,NaN,9.19971651243932e-05,73.4623295
Block,20280009,20282009,p-TRPCA,25,0,0.1,0,0,0.100031287924757,0,0.100031287924757,0.0548143124496263,41.6955394564263,0.984879157103741,2.46285135725098,NaN,NaN,NaN,NaN,NaN,NaN,NaN,NaN,NaN,NaN,NaN,NaN,NaN,NaN,NaN,0.000125033184162621,288.5271491
Block,20280009,20282009,HCL-TRPCA,25,0,0.1,0,0,0.100031287924757,0,0.100031287924757,0.310759263969378,23.837494781417,0.718579854822353,12.7991176946004,0.701385848227518,0.998747097293967,0.824061532182629,0.765870036182979,0.999973342495616,0.867403790445139,0.944487394707882,NaN,0.944487394707882,NaN,0.130607827195843,0.869653277432562,80,0.00252737386700867,0,0.0133575143165959,148.932236
Slice,20280009,20283009,tSVD-LRA,25,0,0,0.1,0,0,0.0970873786407767,0.0970873786407767,0.755135183558135,17.5582441379773,0.179241773065385,40.3114953501077,NaN,NaN,NaN,NaN,NaN,NaN,NaN,NaN,NaN,NaN,NaN,NaN,NaN,NaN,NaN,0.139048307844736,1.6978752
Slice,20280009,20283009,TNN-TRPCA,25,0,0,0.1,0,0,0.0970873786407767,0.0970873786407767,0.0564738978141338,42.2597011536917,0.980785388694033,2.92929751335587,NaN,NaN,NaN,NaN,NaN,NaN,NaN,NaN,NaN,NaN,NaN,NaN,NaN,NaN,NaN,0.00016088393128034,73.5257525
Slice,20280009,20283009,p-TRPCA,25,0,0,0.1,0,0,0.0970873786407767,0.0970873786407767,0.0535833626677505,41.5226965549144,0.984350102202269,2.46221703960222,NaN,NaN,NaN,NaN,NaN,NaN,NaN,NaN,NaN,NaN,NaN,NaN,NaN,NaN,NaN,0.000166661531022451,293.2925385
Slice,20280009,20283009,HCL-TRPCA,25,0,0,0.1,0,0,0.0970873786407767,0.0970873786407767,0.374873556367995,27.4052911116907,0.716037731384851,20.3048267582485,0.656968838811396,0.998234558105469,0.792421039881295,0.600665677963381,0.999322509765625,0.750328955471144,0.999116499168043,NaN,NaN,0.999116499168043,0.161523467128717,0.838799449335621,80,0.00422090935485227,0,0.0242235498520934,149.3819978
Mixed,20280009,20284009,tSVD-LRA,25,0.05,0.1,0.1,0.0499999407425668,0.100012325546116,0.0970873786407767,0.24709964492946,1.18867492760855,12.1322128971993,0.063386382299488,52.6977253193122,NaN,NaN,NaN,NaN,NaN,NaN,NaN,NaN,NaN,NaN,NaN,NaN,NaN,NaN,NaN,0.247992654448574,1.6536562
Mixed,20280009,20284009,TNN-TRPCA,25,0.05,0.1,0.1,0.0499999407425668,0.100012325546116,0.0970873786407767,0.24709964492946,0.0800969999426586,39.6859903724942,0.97281411937482,4.01905339273283,NaN,NaN,NaN,NaN,NaN,NaN,NaN,NaN,NaN,NaN,NaN,NaN,NaN,NaN,NaN,0.000145180711468447,72.0772382
Mixed,20280009,20284009,p-TRPCA,25,0.05,0.1,0.1,0.0499999407425668,0.100012325546116,0.0970873786407767,0.24709964492946,0.0773192197309484,39.4532861492419,0.978266159045891,3.75352266716379,NaN,NaN,NaN,NaN,NaN,NaN,NaN,NaN,NaN,NaN,NaN,NaN,NaN,NaN,NaN,0.000129477491656553,324.5786078
Mixed,20280009,20284009,HCL-TRPCA,25,0.05,0.1,0.1,0.0499999407425668,0.100012325546116,0.0970873786407767,0.24709964492946,0.370605879091189,26.1971484455275,0.697506776959608,19.3431678053553,0.952331450550241,0.999607907557312,0.975397155276883,0.978782536847121,0.999962829156809,0.989259327137681,0.954309592992782,0.882519489586161,0.980874899150142,0.999534390242041,0.252446739418993,0.748057986693247,80,0.00264291495407643,0,0.0242708076551123,150.8567297
Entry,20280010,20281010,tSVD-LRA,25,0.05,0,0,0.0499999407425668,0,0,0.0499999407425668,0.55616528095187,18.5969601325396,0.196118479458258,31.9826097302296,NaN,NaN,NaN,NaN,NaN,NaN,NaN,NaN,NaN,NaN,NaN,NaN,NaN,NaN,NaN,0.102881570464199,1.6737971
Entry,20280010,20281010,TNN-TRPCA,25,0.05,0,0,0.0499999407425668,0,0,0.0499999407425668,0.0555615394767229,43.1447847198945,0.983148137776182,2.8292026290701,NaN,NaN,NaN,NaN,NaN,NaN,NaN,NaN,NaN,NaN,NaN,NaN,NaN,NaN,NaN,6.68127559921117e-05,74.4872099
Entry,20280010,20281010,p-TRPCA,25,0.05,0,0,0.0499999407425668,0,0,0.0499999407425668,0.0518079144035164,42.3122429721042,0.986355179817622,2.30830820121017,NaN,NaN,NaN,NaN,NaN,NaN,NaN,NaN,NaN,NaN,NaN,NaN,NaN,NaN,NaN,9.67377597845874e-05,288.4653555
Entry,20280010,20281010,HCL-TRPCA,25,0.05,0,0,0.0499999407425668,0,0,0.0499999407425668,0.233806521804572,26.4747306232227,0.717366396629231,7.98338106691487,0.43511284050706,0.999902225119256,0.606363386451392,0.507815062577677,0.999973334123433,0.673571334485553,0.684941554559677,0.684941554559677,NaN,NaN,0.0984582993590716,0.901738529512581,80,0.000902629764494493,0,0.00477377882281553,154.2909614
Block,20280010,20282010,tSVD-LRA,25,0,0.1,0,0,0.100019436438107,0,0.100019436438107,0.78092552158824,15.6575496480126,0.161150527602609,39.6107008778093,NaN,NaN,NaN,NaN,NaN,NaN,NaN,NaN,NaN,NaN,NaN,NaN,NaN,NaN,NaN,0.153841037194706,1.7479611
Block,20280010,20282010,TNN-TRPCA,25,0,0.1,0,0,0.100019436438107,0,0.100019436438107,0.0588082525187426,42.3945540792789,0.981817614600419,2.96527455263229,NaN,NaN,NaN,NaN,NaN,NaN,NaN,NaN,NaN,NaN,NaN,NaN,NaN,NaN,NaN,7.4071791565534e-05,75.3925785
Block,20280010,20282010,p-TRPCA,25,0,0.1,0,0,0.100019436438107,0,0.100019436438107,0.0548628957576162,41.6937008800302,0.985166656263744,2.43652221203646,NaN,NaN,NaN,NaN,NaN,NaN,NaN,NaN,NaN,NaN,NaN,NaN,NaN,NaN,NaN,0.000106959667020631,307.1696012
Block,20280010,20282010,HCL-TRPCA,25,0,0.1,0,0,0.100019436438107,0,0.100019436438107,0.309986110652024,23.8764552536698,0.716375783701034,12.900799153296,0.696084473224304,0.99876768490651,0.8203980205428,0.762399818411165,0.999949640969737,0.865164874806894,0.942287035249509,NaN,0.942287035249509,NaN,0.131183661303474,0.869078594603454,80,0.00243195159580885,0,0.0133416629532008,149.3672921
Slice,20280010,20283010,tSVD-LRA,25,0,0,0.1,0,0,0.0970873786407767,0.0970873786407767,0.754858992138349,17.0413003159639,0.15596570333386,40.3757015620725,NaN,NaN,NaN,NaN,NaN,NaN,NaN,NaN,NaN,NaN,NaN,NaN,NaN,NaN,NaN,0.14811010268128,1.6833119
Slice,20280010,20283010,TNN-TRPCA,25,0,0,0.1,0,0,0.0970873786407767,0.0970873786407767,0.0572768521436378,42.2646365042316,0.979978964868082,3.01023403363821,NaN,NaN,NaN,NaN,NaN,NaN,NaN,NaN,NaN,NaN,NaN,NaN,NaN,NaN,NaN,0.000148884301046723,73.8448562
Slice,20280010,20283010,p-TRPCA,25,0,0,0.1,0,0,0.0970873786407767,0.0970873786407767,0.0541905467698234,41.5580813548586,0.98365962747256,2.56429030851567,NaN,NaN,NaN,NaN,NaN,NaN,NaN,NaN,NaN,NaN,NaN,NaN,NaN,NaN,NaN,0.000164587520858616,303.2585236
Slice,20280010,20283010,HCL-TRPCA,25,0,0,0.1,0,0,0.0970873786407767,0.0970873786407767,0.38268310863352,27.4306683783386,0.737404306718664,20.5108719993632,0.677182204156776,0.999049377441406,0.80721359375915,0.712255143308346,0.999955749511719,0.831934463981151,0.999524462692457,NaN,NaN,0.999524462692457,0.13630379982365,0.863968692939912,80,0.0026066703260079,0,0.0238001554915049,149.7033399
Mixed,20280010,20284010,tSVD-LRA,25,0.05,0.1,0.1,0.0499999407425668,0.100052620600728,0.0970873786407767,0.247139939984072,1.18890383848423,12.1312945275507,0.0642710587185743,52.6499823624409,NaN,NaN,NaN,NaN,NaN,NaN,NaN,NaN,NaN,NaN,NaN,NaN,NaN,NaN,NaN,0.24778332756561,1.6817857
Mixed,20280010,20284010,TNN-TRPCA,25,0.05,0.1,0.1,0.0499999407425668,0.100052620600728,0.0970873786407767,0.247139939984072,0.0674610327628427,39.7517655499142,0.97526872760699,3.30659913262094,NaN,NaN,NaN,NaN,NaN,NaN,NaN,NaN,NaN,NaN,NaN,NaN,NaN,NaN,NaN,0.000249029363243325,72.0053517
Mixed,20280010,20284010,p-TRPCA,25,0.05,0.1,0.1,0.0499999407425668,0.100052620600728,0.0970873786407767,0.247139939984072,0.0633544078776652,39.5546818128156,0.980264187421271,2.79904069150971,NaN,NaN,NaN,NaN,NaN,NaN,NaN,NaN,NaN,NaN,NaN,NaN,NaN,NaN,NaN,0.000201030842308859,315.3987535
Mixed,20280010,20284010,HCL-TRPCA,25,0.05,0.1,0.1,0.0499999407425668,0.100052620600728,0.0970873786407767,0.247139939984072,0.368272690451446,26.6511002465374,0.703819609917207,19.249011099965,0.955039493149767,0.999551624880264,0.976788719028658,0.97926516427846,0.999965232945261,0.989506951274054,0.955829217016631,0.886497784870491,0.981537956945677,0.999451909233726,0.252364075299606,0.748140485501949,80,0.00256758596977287,0,0.023934818008571,149.6711227
