Scenario,Seed,HCL_NRE,pTRPCA_NRE,DeltaNRE,HCL_Win,Tie
EB,20270001,0.00833985356864444,0.0163407004937792,-0.00800084692513476,1,0
EB,20270002,0.00900312244511702,0.0162760646966012,-0.00727294225148418,1,0
EB,20270003,0.00823278613237907,0.0162960335163665,-0.00806324738398743,1,0
EB,20270004,0.00809771538401044,0.016253805199132,-0.00815608981512156,1,0
EB,20270005,0.0082689243571105,0.0161211888683381,-0.0078522645112276,1,0
EB,20270006,0.00809431421866826,0.0162677813919772,-0.00817346717330894,1,0
EB,20270007,0.00861690419086453,0.0162412092256816,-0.00762430503481707,1,0
EB,20270008,0.00835466798092916,0.0162175030873827,-0.00786283510645354,1,0
EB,20270009,0.00874610140978648,0.0162691841720645,-0.00752308276227802,1,0
EB,20270010,0.0114427183493719,0.0162415968108678,-0.0047988784614959,1,0
EB,20270011,0.0177803246177012,0.016242857626003,0.0015374669916982,0,0
EB,20270012,0.00974921598873585,0.0161817709415891,-0.00643255495285325,1,0
EB,20270013,0.00914038376034829,0.0162610069097407,-0.00712062314939241,1,0
EB,20270014,0.0119564447655854,0.0162235156083652,-0.0042670708427798,1,0
EB,20270015,0.0081178719483681,0.016247126979735,-0.0081292550313669,1,0
EB,20270016,0.00804502877913297,0.0162726300497214,-0.00822760127058843,1,0
EB,20270017,0.0376884705110559,0.0163174515596604,0.0213710189513955,0,0
EB,20270018,0.0106498468913257,0.0162300172959218,-0.0055801704045961,1,0
EB,20270019,0.00823134083787424,0.0163378815546696,-0.00810654071679536,1,0
EB,20270020,0.00959628038820148,0.0162245775188224,-0.00662829713062092,1,0
EB,20270021,0.00826275009053365,0.0162561869322058,-0.00799343684167215,1,0
EB,20270022,0.00840679189924365,0.0162945303016102,-0.00788773840236655,1,0
EB,20270023,0.00792800538448865,0.0162298421479701,-0.00830183676348145,1,0
EB,20270024,0.00817641127197428,0.0163456932602436,-0.00816928198826932,1,0
EB,20270025,0.00917191906421328,0.0162785340381767,-0.00710661497396342,1,0
EB,20270026,0.00834813321678382,0.0162819078508288,-0.00793377463404498,1,0
EB,20270027,0.00817226288390506,0.0162815407713424,-0.00810927788743734,1,0
EB,20270028,0.0518651640489752,0.0162518282958088,0.0356133357531664,0,0
EB,20270029,0.00815626234769897,0.0162396263394456,-0.00808336399174663,1,0
EB,20270030,0.00862719004641082,0.0161824212476591,-0.00755523120124828,1,0
ES,20270001,0.00786576595534475,0.0162680364542886,-0.00840227049894385,1,0
ES,20270002,0.00787392782793279,0.0162547144254934,-0.00838078659756061,1,0
ES,20270003,0.00787046168157006,0.0162794167357589,-0.00840895505418884,1,0
ES,20270004,0.00782636377381104,0.0162747668865712,-0.00844840311276016,1,0
ES,20270005,0.00790506797854918,0.0161403257060134,-0.00823525772746422,1,0
ES,20270006,0.00789726428153477,0.0162484330654705,-0.00835116878393573,1,0
ES,20270007,0.00785619682083998,0.0162796693160258,-0.00842347249518582,1,0
ES,20270008,0.00797337513451873,0.0161969176664625,-0.00822354253194377,1,0
ES,20270009,0.00785485047220466,0.0161847893111339,-0.00832993883892924,1,0
ES,20270010,0.00785879703913409,0.0161900205364818,-0.00833122349734771,1,0
ES,20270011,0.00788302167180282,0.0162581647302312,-0.00837514305842838,1,0
ES,20270012,0.00777249577045406,0.0161685320728179,-0.00839603630236384,1,0
ES,20270013,0.00792570496146008,0.0163136005673555,-0.00838789560589542,1,0
ES,20270014,0.00792706115957556,0.0162457134080436,-0.00831865224846804,1,0
ES,20270015,0.00781136553788976,0.0162776396282936,-0.00846627409040384,1,0
ES,20270016,0.00783294693697654,0.0162361251823985,-0.00840317824542196,1,0
ES,20270017,0.00795043480613375,0.0163169596657489,-0.00836652485961515,1,0
ES,20270018,0.00787053181063707,0.0162982789879647,-0.00842774717732763,1,0
ES,20270019,0.00786236539511074,0.0163262316295267,-0.00846386623441596,1,0
ES,20270020,0.00801929722092376,0.0162811891869809,-0.00826189196605714,1,0
ES,20270021,0.00790805591852608,0.0162155573979405,-0.00830750147941442,1,0
ES,20270022,0.00791175820832253,0.0162635725167178,-0.00835181430839527,1,0
ES,20270023,0.00783327139581915,0.0162496953629298,-0.00841642396711065,1,0
ES,20270024,0.00787027126316248,0.0162587025761454,-0.00838843131298292,1,0
ES,20270025,0.00796371404571282,0.0163069131345173,-0.00834319908880448,1,0
ES,20270026,0.00790117835810396,0.0162728170864164,-0.00837163872831244,1,0
ES,20270027,0.00788884244894717,0.0162989759058329,-0.00841013345688573,1,0
ES,20270028,0.0078399283748646,0.0161877139455847,-0.0083477855707201,1,0
ES,20270029,0.00795644411988259,0.0162748847421491,-0.00831844062226651,1,0
ES,20270030,0.00780888243058528,0.0161724120405793,-0.00836352960999402,1,0
BS,20270001,0.00833030505804617,0.0165660278667546,-0.00823572280870843,1,0
BS,20270002,0.0083438786507682,0.0165143441048542,-0.008170465454086,1,0
BS,20270003,0.0083152525324588,0.0165218990351579,-0.0082066465026991,1,0
BS,20270004,0.008365922493011,0.0165605642719287,-0.0081946417789177,1,0
BS,20270005,0.00831077008965404,0.0164869568567969,-0.00817618676714286,1,0
BS,20270006,0.00835401024018708,0.0165550565907213,-0.00820104635053422,1,0
BS,20270007,0.00824813633273637,0.0165190623700846,-0.00827092603734823,1,0
BS,20270008,0.00826959937057362,0.0164937072908453,-0.00822410792027168,1,0
BS,20270009,0.00828334227138967,0.0164845227020401,-0.00820118043065043,1,0
BS,20270010,0.00829850662696621,0.016472546391551,-0.00817403976458479,1,0
BS,20270011,0.00835011284897997,0.0165494581767458,-0.00819934532776583,1,0
BS,20270012,0.00828027047593141,0.0163975343505695,-0.00811726387463809,1,0
BS,20270013,0.00828652698009895,0.0165062061530485,-0.00821967917294955,1,0
BS,20270014,0.00836106719912663,0.0165517566335905,-0.00819068943446387,1,0
BS,20270015,0.00824938775647288,0.016512892854009,-0.00826350509753612,1,0
BS,20270016,0.00828648971286535,0.0165492910755125,-0.00826280136264715,1,0
BS,20270017,0.00838008733509253,0.0166130167342347,-0.00823292939914217,1,0
BS,20270018,0.00821046783847243,0.0164629312069195,-0.00825246336844707,1,0
BS,20270019,0.00827486173866292,0.0165349326045075,-0.00826007086584458,1,0
BS,20270020,0.00839536938077566,0.0165367330720442,-0.00814136369126854,1,0
BS,20270021,0.00833923281428196,0.0165079145725665,-0.00816868175828454,1,0
BS,20270022,0.00828088237868693,0.0165055636764054,-0.00822468129771847,1,0
BS,20270023,0.00827753298650618,0.0165356317951065,-0.00825809880860032,1,0
BS,20270024,0.00826643653361677,0.0164647220415189,-0.00819828550790213,1,0
BS,20270025,0.00843786681541687,0.0165912958729586,-0.00815342905754173,1,0
BS,20270026,0.00827162997536218,0.0165177383773972,-0.00824610840203502,1,0
BS,20270027,0.00838659730105417,0.0165535304346052,-0.00816693313355103,1,0
BS,20270028,0.00826192108281444,0.0165082099037939,-0.00824628882097946,1,0
BS,20270029,0.00836279925253201,0.01647058928779,-0.00810779003525799,1,0
BS,20270030,0.00815564474394867,0.0164640219308536,-0.00830837718690493,1,0
EBS,20270001,0.0087565297200058,0.0169074501180677,-0.0081509203980619,1,0
EBS,20270002,0.00882181288047371,0.016874669085325,-0.00805285620485129,1,0
EBS,20270003,0.00868723613507067,0.0168692718751838,-0.00818203574011313,1,0
EBS,20270004,0.00871546636823391,0.0169532273455555,-0.00823776097732159,1,0
EBS,20270005,0.00867453097510181,0.0167270403298633,-0.00805250935476149,1,0
EBS,20270006,0.0105916480847929,0.0168660272749712,-0.0062743791901783,1,0
EBS,20270007,0.0087218576842082,0.0168154261337625,-0.0080935684495543,1,0
EBS,20270008,0.00875445693852945,0.016810763092854,-0.00805630615432455,1,0
EBS,20270009,0.00863081726385838,0.0168102542108408,-0.00817943694698242,1,0
EBS,20270010,0.00876673669378325,0.0168269633239609,-0.00806022663017765,1,0
EBS,20270011,0.00876721743429849,0.0169105546638361,-0.00814333722953761,1,0
EBS,20270012,0.00906705865815164,0.0167538494916094,-0.00768679083345776,1,0
EBS,20270013,0.00872396386224986,0.0168413093516849,-0.00811734548943504,1,0
EBS,20270014,0.00879296011067504,0.0168390376564203,-0.00804607754574526,1,0
EBS,20270015,0.00869280380626291,0.0168376266436161,-0.00814482283735319,1,0
EBS,20270016,0.00867854792246626,0.0168475497094979,-0.00816900178703164,1,0
EBS,20270017,0.00885193747480303,0.0168935185747337,-0.00804158109993067,1,0
EBS,20270018,0.0086994394764148,0.0168207203977745,-0.0081212809213597,1,0
EBS,20270019,0.00867274803458426,0.0169222158423962,-0.00824946780781194,1,0
EBS,20270020,0.00882114775882786,0.016820551639432,-0.00799940388060414,1,0
EBS,20270021,0.00875973609898446,0.0168196304694318,-0.00805989437044734,1,0
EBS,20270022,0.00866354588989867,0.0167774250832914,-0.00811387919339273,1,0
EBS,20270023,0.00870660297389682,0.0168461406346559,-0.00813953766075908,1,0
EBS,20270024,0.00882016493438688,0.0169345699808009,-0.00811440504641402,1,0
EBS,20270025,0.00889455302279332,0.0169024764843575,-0.00800792346156418,1,0
EBS,20270026,0.00873548483378742,0.0168802190133007,-0.00814473417951328,1,0
EBS,20270027,0.00878491752414684,0.0169272839184459,-0.00814236639429906,1,0
EBS,20270028,0.00873302156654496,0.0168302337170656,-0.00809721215052064,1,0
EBS,20270029,0.00887867455591612,0.01681922358072,-0.00794054902480388,1,0
EBS,20270030,0.00865312110371515,0.0167656866649149,-0.00811256556119975,1,0
