Seed,GeneratorSeed,Rank,Budget,IsPrimarySetting,ActualEntryRate,ActualBlockRate,ActualSliceRate,ActualTotalRate,NRE,MPSNR,MSSIM,SAMdeg,DetectionPrecision,DetectionRecall,DetectionF1,MaskPrecision,MaskRecall,MaskF1,LevelMacroF1,LevelF1Entry,LevelF1Block,LevelF1Slice,SelectedFraction,rESS,Iterations,FinalRelChange,ToleranceMet,MaskAgreementToBudget80,SelectedFractionDiffToBudget80,rESSDiffToBudget80,OutOfRangeFraction,RuntimeSec
20280001,20284001,25,80,1,0.0499999407425668,0.100000474059466,0.0970873786407767,0.247087793442809,0.373211452683271,26.6442779168453,0.704113454413634,19.4893625122401,0.954079422300029,0.999526348796746,0.976274267349528,0.978665486827443,0.999961028698466,0.989198658039353,0.955340839795008,0.885320485650977,0.981281440296532,0.999420593437514,0.252464368505385,0.748040392861288,80,0.00255324143600283,0,1,0,0,0.0247075349381826,217.8254862
20280001,20284001,25,160,0,0.0499999407425668,0.100000474059466,0.0970873786407767,0.247087793442809,0.444674726132303,26.9853601647122,0.7178752857168,23.0421372662842,0.954892252028335,0.99876970598851,0.976338255341944,0.978665486827443,0.999961028698466,0.989198658039353,0.955565491249148,0.886632248498458,0.981608507012782,0.998455718236203,0.252464368505385,0.748040392861288,160,0.00138534632558473,0,1,0,0,0.0286121553587682,399.4542044
20280001,20284001,25,320,0,0.0499999407425668,0.100000474059466,0.0970873786407767,0.247087793442809,0.521537463467025,27.2755265335459,0.728707653193132,26.5813827273634,0.95571908467082,0.997867370468387,0.976338556625556,0.978665486827443,0.999961028698466,0.989198658039353,0.955792063462155,0.888145842692398,0.981932330882407,0.99729801681166,0.252464368505385,0.748040392861288,320,0.000775903490416705,0,1,0,0,0.0321918969015473,770.8801951
20280001,20284001,30,80,0,0.0499999407425668,0.100000474059466,0.0970873786407767,0.247087793442809,0.344067459194392,27.006465165669,0.726041175521982,18.2725683407068,0.960133290185425,0.999720006187444,0.979526845791346,0.979078925585387,0.999922656955418,0.989391023511433,0.959636230930205,0.895884243500902,0.983356438131835,0.999668011157878,0.252348075792627,0.748156453013314,80,0.00256192396279289,0,1,0,0,0.0238502280226032,201.1234105
20280001,20284001,30,160,0,0.0499999407425668,0.100000474059466,0.0970873786407767,0.247087793442809,0.411590043020528,27.2871882835326,0.738665815680338,21.6231899076169,0.961135679945372,0.999174407965974,0.979785983765056,0.979078925585387,0.999922656955418,0.989391023511433,0.960035066813041,0.897253112821975,0.983876237233111,0.998975850384037,0.252348075792627,0.748156453013314,160,0.00134178249110655,0,1,0,0,0.027768773940003,380.40212
20280001,20284001,30,320,0,0.0499999407425668,0.100000474059466,0.0970873786407767,0.247087793442809,0.485092284497826,27.6091636658563,0.749613219799923,24.9576398125197,0.961813226322346,0.998441147938658,0.979784985460263,0.979078925585387,0.999922656955418,0.989391023511433,0.960221961487988,0.898405505362781,0.984225751547287,0.998034627553895,0.252348075792627,0.748156453013314,320,0.000765875911744794,0,1,0,0,0.0310514875986044,764.4704462
20280001,20284001,61,80,0,0.0499999407425668,0.100000474059466,0.0970873786407767,0.247087793442809,0.990601809185128,13.9645772935242,0.256252231849417,42.0170455701789,0.945897378258883,0.860304671639804,0.90107298178917,0.93863155858794,0.843792231400796,0.888688786283682,0.85525348813519,0.686522386666116,0.915363169733974,0.96387490800548,0.222122044239229,0.778322041027056,80,0.00212946770911021,0,1,0,0,0.120824128678701,194.1223914
20280001,20284001,61,160,0,0.0499999407425668,0.100000474059466,0.0970873786407767,0.247087793442809,1.00620069218596,13.8514104009638,0.256569110163858,42.2376921754028,0.947622569940871,0.857969391340217,0.900570202999316,0.93863155858794,0.843792231400796,0.888688786283682,0.854730007676473,0.688202074765208,0.91345968081636,0.962528267447852,0.222122044239229,0.778322041027056,160,0.0011178200007796,0,1,0,0,0.121434924671951,386.2770167
20280001,20284001,61,320,0,0.0499999407425668,0.100000474059466,0.0970873786407767,0.247087793442809,1.01925482741386,13.7584726243644,0.256693959992617,42.4213058635705,0.948512867633634,0.85657122095289,0.900200528336245,0.93863155858794,0.843792231400796,0.888688786283682,0.854318169907422,0.689212369525524,0.912054628908326,0.961687511288416,0.222122044239229,0.778322041027056,320,0.000597808134665612,0,1,0,0,0.122083645422482,772.1434293
20280001,20284001,105,80,0,0.0499999407425668,0.100000474059466,0.0970873786407767,0.247087793442809,1.92475998663973,8.335871156716,0.0872436366405412,63.8295259395784,0.603255599600426,0.444987511196755,0.512173569502502,0.594997664001301,0.465009167249238,0.522033179590127,0.413689627681111,0.15697979642013,0.288918473160587,0.795170613462614,0.193106790190762,0.807279276405015,80,0.00126787772549456,0,1,0,0,0.22199197417324,199.7411959
20280001,20284001,105,160,0,0.0499999407425668,0.100000474059466,0.0970873786407767,0.247087793442809,1.94431491734472,8.26550402907949,0.086939153100794,64.0236513368211,0.605021960392394,0.44136617794656,0.510396133992921,0.594997664001301,0.465009167249238,0.522033179590127,0.411999983392987,0.157114933772684,0.285376255272884,0.793508761133395,0.193106790190762,0.807279276405015,160,0.000560384821738162,0,1,0,0,0.222722618325243,391.3719365
20280001,20284001,105,320,0,0.0499999407425668,0.100000474059466,0.0970873786407767,0.247087793442809,1.95895574648288,8.21405832895101,0.0867250364010024,64.1656424980303,0.606209273302143,0.439466776665663,0.509543725958205,0.594997664001301,0.465009167249238,0.522033179590127,0.411308177985513,0.157410614360606,0.283487314466443,0.79302660512949,0.193106790190762,0.807279276405015,320,0.000254286632017775,0,1,0,0,0.223357265435376,786.8637126
20280002,20284002,25,80,1,0.0499999407425668,0.100000474059466,0.0970873786407767,0.247087793442809,0.375800522241259,26.6170283551222,0.70508167203094,19.6213538921922,0.954984407258129,0.999524550121291,0.976746979269259,0.977686864595308,0.999965825166347,0.988700854675521,0.955845086758804,0.886740468792608,0.981377253350873,0.999417538132931,0.252718286606872,0.747786982542313,80,0.00269120421874439,0,1,0,0,0.0251024857308101,197.0977202
20280002,20284002,25,160,0,0.0499999407425668,0.100000474059466,0.0970873786407767,0.247087793442809,0.446780091723507,27.0557251733562,0.720841937855124,23.1091163498983,0.955680901573416,0.998764909520629,0.976748031357557,0.977686864595308,0.999965825166347,0.988700854675521,0.955978010164288,0.887604923401212,0.981883337823851,0.9984457692678,0.252718286606872,0.747786982542313,160,0.00140637433044598,0,1,0,0,0.0291873968920661,372.4573994
20280002,20284002,25,320,0,0.0499999407425668,0.100000474059466,0.0970873786407767,0.247087793442809,0.51874320468704,27.3833156449025,0.731809619160136,26.3964253820675,0.956157867524559,0.997895549717188,0.97658095977403,0.977686864595308,0.999965825166347,0.988700854675521,0.955929898360714,0.888313414443841,0.982144513974083,0.997331766664219,0.252718286606872,0.747786982542313,320,0.000743403704199477,0,1,0,0,0.0325176646408525,753.1478942
20280002,20284002,30,80,0,0.0499999407425668,0.100000474059466,0.0970873786407767,0.247087793442809,0.344382186879009,26.7327726474762,0.72685554528928,17.9969509119428,0.960330328133702,0.999666645482267,0.979603755111105,0.977500726785078,0.999917860487537,0.988582226993294,0.959631886147407,0.896158985315563,0.983103018223738,0.999633654902919,0.252754285497573,0.747751055641806,80,0.0026892293273732,0,1,0,0,0.0236960105525637,207.3842361
20280002,20284002,30,160,0,0.0499999407425668,0.100000474059466,0.0970873786407767,0.247087793442809,0.412305208113338,26.8431687943689,0.739265949535974,21.3574320097362,0.960927512430897,0.999121047260797,0.979652159957391,0.977500726785078,0.999917860487537,0.988582226993294,0.95976478510806,0.896850638464807,0.983497682979709,0.998946033879665,0.252754285497573,0.747751055641806,160,0.00136376945786898,0,1,0,0,0.0279256579945388,376.5879003
20280002,20284002,30,320,0,0.0499999407425668,0.100000474059466,0.0970873786407767,0.247087793442809,0.482568997044561,27.0137164845509,0.749139850935478,24.4984194167102,0.961500156174854,0.998474723213825,0.979638680477551,0.977500726785078,0.999917860487537,0.988582226993294,0.959863217268297,0.897549116147039,0.983908642999116,0.998131892658736,0.252754285497573,0.747751055641806,320,0.000743712140797599,0,1,0,0,0.0313329604065534,738.8647031
20280002,20284002,61,80,0,0.0499999407425668,0.100000474059466,0.0970873786407767,0.247087793442809,1.05263700199943,13.4219348278098,0.216928638633573,44.7137915607985,0.94407442705036,0.827925515650275,0.882193377090821,0.935616679073397,0.810836300148571,0.868768842268093,0.828808339683256,0.641630077348477,0.89050152284264,0.954293418858652,0.214134438523968,0.786293674449824,80,0.00179424133445843,0,1,0,0,0.134488003925212,204.0836664
20280002,20284002,61,160,0,0.0499999407425668,0.100000474059466,0.0970873786407767,0.247087793442809,1.0639451847875,13.3451934120003,0.217065167364145,44.8831789456029,0.945425911884086,0.826044700682417,0.881712695496802,0.935616679073397,0.810836300148571,0.868768842268093,0.828226843752601,0.642905676885702,0.888675812838555,0.953099041533546,0.214134438523968,0.786293674449824,160,0.000879778390420169,0,1,0,0,0.135107836677033,392.0385881
20280002,20284002,61,320,0,0.0499999407425668,0.100000474059466,0.0970873786407767,0.247087793442809,1.07244960664898,13.2887134034605,0.217127308270531,45.0064118122086,0.946415192475588,0.824766441992117,0.881413261921002,0.935616679073397,0.810836300148571,0.868768842268093,0.827778860890544,0.643718412618018,0.887216132595784,0.952402037457829,0.214134438523968,0.786293674449824,320,0.000448869098285356,0,1,0,0,0.13565656050895,750.0420018
20280002,20284002,105,80,0,0.0499999407425668,0.100000474059466,0.0970873786407767,0.247087793442809,1.91843113747292,8.35368886143299,0.0857378110888472,63.8306612546851,0.603115073001465,0.448725158793065,0.514589381015309,0.594663974267225,0.469307402029146,0.524600964013039,0.417924242679694,0.154906753887646,0.299812276444076,0.799053697707361,0.195001102188259,0.805388752157199,80,0.00125416123906576,0,1,0,0,0.221108001412697,204.2449935
20280002,20284002,105,160,0,0.0499999407425668,0.100000474059466,0.0970873786407767,0.247087793442809,1.93742043184227,8.28382202599141,0.0854142415943629,64.0239088025296,0.605087433644473,0.445174573444116,0.512956840009451,0.594663974267225,0.469307402029146,0.524600964013039,0.415691134602719,0.155053484869984,0.296224418351559,0.795795500586612,0.195001102188259,0.805388752157199,160,0.000549434421382157,0,1,0,0,0.221830053236878,400.8055839
20280002,20284002,105,320,0,0.0499999407425668,0.100000474059466,0.0970873786407767,0.247087793442809,1.95130279967264,8.23404671967182,0.0851852746462783,64.1630985990549,0.606061252258555,0.443038946120077,0.511883877059256,0.594663974267225,0.469307402029146,0.524600964013039,0.414200058727159,0.155090396629642,0.293723428966545,0.79378635058529,0.195001102188259,0.805388752157199,320,0.000243937977497765,0,1,0,0,0.222461885618932,769.3053537
20280003,20284003,25,80,1,0.0499999407425668,0.100031287924757,0.0970873786407767,0.247118607308101,0.378764339555867,26.6231684040098,0.705232298687925,19.7853476473107,0.954398856021515,0.999474852257236,0.976416901025714,0.979857618759219,0.999964030976523,0.989808727840013,0.95546068564662,0.885742471931226,0.981288504367045,0.99935108064159,0.252189414015094,0.748314797501086,80,0.00261614528582121,0,1,0,0,0.0274061184484982,192.342281
20280003,20284003,25,160,0,0.0499999407425668,0.100031287924757,0.0970873786407767,0.247118607308101,0.448357620820755,27.0248004889443,0.720351613518967,23.2094987153006,0.955308133947147,0.998689528577989,0.97651726840397,0.979857618759219,0.999964030976523,0.989808727840013,0.955756262917523,0.88710815347174,0.981815132034884,0.998345503245947,0.252189414015094,0.748314797501086,160,0.00143836002868227,0,1,0,0,0.0312077790788076,384.8557097
20280003,20284003,25,320,0,0.0499999407425668,0.100031287924757,0.0970873786407767,0.247118607308101,0.521253221134415,27.3281645120181,0.731078600915897,26.6075037698946,0.956176617074041,0.997838261689033,0.976563304423587,0.979857618759219,0.999964030976523,0.989808727840013,0.956044438139091,0.888707042048792,0.982171980335011,0.997254292033469,0.252189414015094,0.748314797501086,320,0.00077736511507603,0,1,0,0,0.0345072329623028,752.869177
20280003,20284003,30,80,0,0.0499999407425668,0.100031287924757,0.0970873786407767,0.247118607308101,0.347049209482507,26.9411329470607,0.727885707423791,18.4030073384989,0.959588717111813,0.999672681886359,0.9792206663527,0.980041716854197,0.999928061953046,0.989885022545646,0.959185207085736,0.894733063595247,0.983201882402863,0.999620675259097,0.252132971309921,0.748371127332899,80,0.00265948779056154,0,1,0,0,0.0261608234886984,196.9571728
20280003,20284003,30,160,0,0.0499999407425668,0.100031287924757,0.0970873786407767,0.247118607308101,0.415077253603816,27.2721893251807,0.742438523099417,21.7698144227751,0.960766623757473,0.999107968217771,0.979562257018026,0.980041716854197,0.999928061953046,0.989885022545646,0.959707739074927,0.896465729187584,0.983752741480676,0.99890474655652,0.252132971309921,0.748371127332899,160,0.00144143808040061,0,1,0,0,0.0300438149461468,375.5332529
20280003,20284003,30,320,0,0.0499999407425668,0.100031287924757,0.0970873786407767,0.247118607308101,0.488126543146453,27.6683305120212,0.75443060907578,25.15124328735,0.961797417970253,0.998355016659653,0.979735310659347,0.980041716854197,0.999928061953046,0.989885022545646,0.960119392455739,0.898159599248727,0.984265065021947,0.997933513096542,0.252132971309921,0.748371127332899,320,0.000784535684552846,0,1,0,0,0.0333459354141383,761.8524023
20280003,20284003,61,80,0,0.0499999407425668,0.100031287924757,0.0970873786407767,0.247118607308101,1.02172272379386,13.6781873502843,0.229822735402788,43.7879133526629,0.945453052444251,0.842076803456863,0.89077570547144,0.937096429742218,0.825984262353261,0.878039112724381,0.839978202850845,0.655967807240579,0.904207560159465,0.959759241152493,0.217817584287773,0.782617893598512,80,0.00189624713860524,0,1,0,0,0.128952915228686,198.2892677
20280003,20284003,61,160,0,0.0499999407425668,0.100031287924757,0.0970873786407767,0.247118607308101,1.03357387305216,13.5945498238786,0.229952705242424,43.9701645566457,0.947095232366542,0.840070930914297,0.890378510812961,0.937096429742218,0.825984262353261,0.878039112724381,0.839570529602293,0.657797077826132,0.902304089775401,0.958610421205346,0.217817584287773,0.782617893598512,160,0.000939254316370569,0,1,0,0,0.129564303796268,391.0394554
20280003,20284003,61,320,0,0.0499999407425668,0.100031287924757,0.0970873786407767,0.247118607308101,1.04298664755237,13.5289991289826,0.229989072531937,44.1109811951558,0.948077302293874,0.838731684273504,0.890058734372092,0.937096429742218,0.825984262353261,0.878039112724381,0.839264466444178,0.658963696678036,0.901024137689891,0.957805564964609,0.217817584287773,0.782617893598512,320,0.000498823974805655,0,1,0,0,0.129972439367794,761.2477999
20280003,20284003,105,80,0,0.0499999407425668,0.100031287924757,0.0970873786407767,0.247118607308101,1.92404198804114,8.32836371377536,0.0860998451629992,63.845418990283,0.602230896668834,0.444775559288341,0.511663671914466,0.594130264927066,0.465422378247853,0.521959003495651,0.414525385776191,0.154695078429941,0.292512764223586,0.796368314675046,0.193584701389942,0.806802320806364,80,0.00124571890550263,0,1,0,0,0.220797344318871,201.6822704
20280003,20284003,105,160,0,0.0499999407425668,0.100031287924757,0.0970873786407767,0.247118607308101,1.94276828423857,8.26023711634305,0.0857797935745508,64.0334135758671,0.604086053266381,0.441368693281346,0.510064491724982,0.594130264927066,0.465422378247853,0.521959003495651,0.412474030873179,0.154986184375785,0.289292613345952,0.7931432948978,0.193584701389942,0.806802320806364,160,0.000545800074095996,0,1,0,0,0.221495841313334,395.4123463
20280003,20284003,105,320,0,0.0499999407425668,0.100031287924757,0.0970873786407767,0.247118607308101,1.9563801112742,8.21190387013476,0.0855724528981546,64.1665239385575,0.605103257602283,0.439272298696363,0.509022060718555,0.594130264927066,0.465422378247853,0.521959003495651,0.41106848708125,0.1549665658344,0.286976495363609,0.791262400045741,0.193584701389942,0.806802320806364,320,0.000242581618668309,0,1,0,0,0.222059675790731,784.4880383
20280004,20284004,25,80,1,0.0499999407425668,0.100038398816748,0.0970873786407767,0.247125718200091,0.376590720843909,26.5880168562509,0.701246519844102,19.8423714444212,0.954278809913155,0.999461679105596,0.976347787284392,0.98023304533213,0.999964631477985,0.990000531176342,0.955499181846569,0.885346852111996,0.981814891618343,0.999335801809367,0.252100231578049,0.748403801592305,80,0.0027626902443626,0,1,0,0,0.0275606322057039,197.5797658
20280004,20284004,25,160,0,0.0499999407425668,0.100038398816748,0.0970873786407767,0.247125718200091,0.45579825564875,27.0773382540566,0.718330268385474,23.7142464757331,0.955652573002123,0.998590054851182,0.976649615243679,0.98023304533213,0.999964631477985,0.990000531176342,0.95606757353445,0.887652224383847,0.982332842129127,0.998217654090377,0.252100231578049,0.748403801592305,160,0.00153198325159416,0,1,0,0,0.0314488086885619,373.2615518
20280004,20284004,25,320,0,0.0499999407425668,0.100038398816748,0.0970873786407767,0.247125718200091,0.535903161787552,27.471573878034,0.731001300450929,27.3280740478747,0.95669958262511,0.997724425261517,0.976781432658232,0.98023304533213,0.999964631477985,0.990000531176342,0.956412270221167,0.889353700705159,0.982776129448923,0.997106980509419,0.252100231578049,0.748403801592305,320,0.00078838773439254,0,1,0,0,0.0347281150447512,752.387816
20280004,20284004,30,80,0,0.0499999407425668,0.100038398816748,0.0970873786407767,0.247125718200091,0.344254938201087,26.8184278749924,0.722740491596424,18.3256366472445,0.959700049492985,0.99966669663999,0.979275758492206,0.979636890275416,0.999947846416689,0.989688171003113,0.959289036666471,0.8944157037442,0.98385592773683,0.999595478518383,0.252249412166262,0.748254919333427,80,0.00267628538177434,0,1,0,0,0.0263215592763956,196.3614805
20280004,20284004,30,160,0,0.0499999407425668,0.100038398816748,0.0970873786407767,0.247125718200091,0.419440969818598,27.1516419699315,0.73684335580159,22.063980080468,0.960994889236026,0.999035458441987,0.979646025242091,0.979636890275416,0.999947846416689,0.989688171003113,0.959936610097932,0.896583894728849,0.98443665867601,0.998789276888938,0.252249412166262,0.748254919333427,160,0.00146987555228821,0,1,0,0,0.0306246859356038,375.334242
20280004,20284004,30,320,0,0.0499999407425668,0.100038398816748,0.0970873786407767,0.247125718200091,0.499538841208627,27.6100715337304,0.74970983253414,25.6161645547998,0.962137922507993,0.998338278931751,0.979903879420923,0.979636890275416,0.999947846416689,0.989688171003113,0.960377897054271,0.898358758247984,0.984882790705913,0.997892142208916,0.252249412166262,0.748254919333427,320,0.000811970877966846,0,1,0,0,0.0338558456272755,741.0700589
20280004,20284004,61,80,0,0.0499999407425668,0.100038398816748,0.0970873786407767,0.247125718200091,1.0171627873604,13.7279517077747,0.226068199481791,43.682924640988,0.947541495654375,0.843802415849894,0.892668122537985,0.938840165228087,0.827302700596469,0.879549462448512,0.842688007614435,0.662772365282775,0.905968504025125,0.959323153535405,0.21776632660801,0.782669048781721,80,0.00194727374514128,0,1,0,0,0.129202685309845,200.8535363
20280004,20284004,61,160,0,0.0499999407425668,0.100038398816748,0.0970873786407767,0.247125718200091,1.02997339471375,13.6384324165576,0.226180835771352,43.8706698451976,0.948995615955543,0.841908701255882,0.89225053382049,0.938840165228087,0.827302700596469,0.879549462448512,0.842273680994793,0.664530041039416,0.904106867158763,0.958184134786199,0.21776632660801,0.782669048781721,160,0.000990014856959909,0,1,0,0,0.129852739352624,385.8504783
20280004,20284004,61,320,0,0.0499999407425668,0.100038398816748,0.0970873786407767,0.247125718200091,1.03996454051668,13.5695739995266,0.226214923979644,44.0125566782009,0.950140334729338,0.840354884153104,0.891881824090018,0.938840165228087,0.827302700596469,0.879549462448512,0.841964222634842,0.665891471658298,0.902865636281045,0.957135559965183,0.21776632660801,0.782669048781721,320,0.000523144185332961,0,1,0,0,0.130375686201077,740.2333356
20280004,20284004,105,80,0,0.0499999407425668,0.100038398816748,0.0970873786407767,0.247125718200091,1.92202189289543,8.34226927875855,0.0848475424537308,63.8805996285878,0.602127613129498,0.446458052333423,0.512737738590561,0.593787271985947,0.467065311872434,0.522857636576245,0.415289730060023,0.1536348874971,0.299398185612227,0.792836117070742,0.194385861887515,0.806002762259802,80,0.00125097575870615,0,1,0,0,0.220885193463668,203.3056928
20280004,20284004,105,160,0,0.0499999407425668,0.100038398816748,0.0970873786407767,0.247125718200091,1.94104700458382,8.27253261821591,0.0845011611634267,64.073212379775,0.603877898919535,0.442762341516051,0.510919382201724,0.593787271985947,0.467065311872434,0.522857636576245,0.413449121543421,0.1539671504101,0.295388051082401,0.790992163137763,0.194385861887515,0.806002762259802,160,0.000544042928386587,0,1,0,0,0.221555691320919,402.153195
20280004,20284004,105,320,0,0.0499999407425668,0.100038398816748,0.0970873786407767,0.247125718200091,1.95482094037165,8.22320775454981,0.0842551377532379,64.2095881562756,0.604925319588715,0.440711566705632,0.509923834612698,0.593787271985947,0.467065311872434,0.522857636576245,0.412508595507369,0.154054863992623,0.293009400252518,0.790461522276965,0.194385861887515,0.806002762259802,320,0.000240473996175198,0,1,0,0,0.222188412564472,636.3405617
20280005,20284005,25,80,1,0.0499999407425668,0.100002844356796,0.0970873786407767,0.24709016374014,0.363722897043269,25.6243795673429,0.686797938717614,18.992032454623,0.954425239257047,0.999606093853985,0.976493333676938,0.980273234771017,0.999952635334041,0.990015148529192,0.95582111718262,0.886113213218048,0.981790548269797,0.999559590060016,0.2520506034777,0.748453330447069,80,0.002540147428901,0,1,0,0,0.0314302907406705,134.5738958
20280005,20284005,25,160,0,0.0499999407425668,0.100002844356796,0.0970873786407767,0.24709016374014,0.44127645182864,25.4114952858637,0.696674692615639,22.659701055519,0.954706144947901,0.998847659645904,0.976278202615518,0.980273234771017,0.999952635334041,0.990015148529192,0.955673639095331,0.886265017563539,0.98212801911212,0.998627880610333,0.2520506034777,0.748453330447069,160,0.00149696825067023,0,1,0,0,0.0363815455760771,256.2319167
20280005,20284005,25,320,0,0.0499999407425668,0.100002844356796,0.0970873786407767,0.24709016374014,0.536725999975161,25.2543723308081,0.706251433343074,26.6900352752626,0.954942417655066,0.997675534051597,0.975841367933574,0.980273234771017,0.999952635334041,0.990015148529192,0.95531442726537,0.886404744652873,0.982353291997906,0.997185245145332,0.2520506034777,0.748453330447069,320,0.000886224273096121,0,1,0,0,0.0405791940040959,501.5882787
20280005,20284005,30,80,0,0.0499999407425668,0.100002844356796,0.0970873786407767,0.24709016374014,0.337662096709447,25.865588760494,0.713517415081117,17.5765977264138,0.960122971398037,0.999700823185903,0.979512267907821,0.980230391724705,0.999941843384835,0.989988009592326,0.959817182276678,0.896188037989445,0.983555036675393,0.999708472165197,0.252058899518356,0.74844505099672,80,0.0025034330558562,0,1,0,0,0.0294571663569478,134.5967681
20280005,20284005,30,160,0,0.0499999407425668,0.100002844356796,0.0970873786407767,0.24709016374014,0.411229648531357,25.4472753551777,0.721133566986983,21.0018285833341,0.960166306462755,0.999128250325257,0.979259885629533,0.980230391724705,0.999941843384835,0.989988009592326,0.959563920122504,0.895807584726468,0.983827294500749,0.999056881140296,0.252058899518356,0.74844505099672,160,0.00141994080272543,0,1,0,0,0.0346460434996966,255.7399114
20280005,20284005,30,320,0,0.0499999407425668,0.100002844356796,0.0970873786407767,0.24709016374014,0.500578663400094,25.1261960582388,0.729310552434444,24.708149794918,0.960515111585972,0.998213332853691,0.979001447101417,0.980230391724705,0.999941843384835,0.989988009592326,0.959429419832942,0.896300313165137,0.984032983010563,0.997954963323127,0.252058899518356,0.74844505099672,320,0.000834431843169395,0,1,0,0,0.0389413185489988,498.6175316
20280005,20284005,61,80,0,0.0499999407425668,0.100002844356796,0.0970873786407767,0.24709016374014,1.024809520535,13.6545459160014,0.224954038050821,43.9494742363187,0.948849352483596,0.840215599163024,0.89123430256536,0.940474168397175,0.823281831753512,0.877984591982946,0.840964935335183,0.66149213282483,0.902767430509171,0.958635242671548,0.216300297709345,0.784132146165074,80,0.00194560045583193,0,1,0,0,0.130816117073726,136.2907091
20280005,20284005,61,160,0,0.0499999407425668,0.100002844356796,0.0970873786407767,0.24709016374014,1.03792693001851,13.5634833467905,0.225061149879981,44.147095199217,0.950466730574422,0.838182515843181,0.890800247229815,0.940474168397175,0.823281831753512,0.877984591982946,0.840476320938076,0.663293104068773,0.900775485765056,0.957360372980399,0.216300297709345,0.784132146165074,160,0.000985055376903461,0,1,0,0,0.131462911957676,260.0445542
20280005,20284005,61,320,0,0.0499999407425668,0.100002844356796,0.0970873786407767,0.24709016374014,1.04812185947168,13.493491803353,0.225148293754353,44.295619859516,0.951450645602392,0.836843714588917,0.89047475654819,0.940474168397175,0.823281831753512,0.877984591982946,0.840209360003729,0.664774204868389,0.899401644570587,0.956452230572211,0.216300297709345,0.784132146165074,320,0.000511409387994238,0,1,0,0,0.131968377863319,512.6240043
20280005,20284005,105,80,0,0.0499999407425668,0.100002844356796,0.0970873786407767,0.24709016374014,1.9216686870581,8.34636229413065,0.0874480453114834,63.8315700772693,0.603676510516415,0.446568459928893,0.513371446058455,0.595192391389002,0.467356152310376,0.523584221301565,0.414739707984253,0.153269253423563,0.294083275215351,0.796866595313845,0.194019799093598,0.806368093096879,80,0.0012559253567984,0,1,0,0,0.220201658971101,141.1726207
20280005,20284005,105,160,0,0.0499999407425668,0.100002844356796,0.0970873786407767,0.24709016374014,1.9407355050402,8.27694772952315,0.0871267545816335,64.0232384869652,0.605526655919116,0.442959752024989,0.511640275578569,0.595192391389002,0.467356152310376,0.523584221301565,0.412566745860922,0.153638397396787,0.290591933939862,0.793469906246117,0.194019799093598,0.806368093096879,160,0.000553245982164441,0,1,0,0,0.220796455457373,269.4816897
20280005,20284005,105,320,0,0.0499999407425668,0.100002844356796,0.0970873786407767,0.24709016374014,1.95485503323572,8.22681857188998,0.0868967479149791,64.1633749749093,0.606679537316634,0.440870310748182,0.51065254151953,0.595192391389002,0.467356152310376,0.523584221301565,0.411196173076069,0.153772068763453,0.28813730006535,0.791679150399403,0.194019799093598,0.806368093096879,320,0.000248944321690661,0,1,0,0,0.221439991182494,526.1178467
20280006,20284006,25,80,1,0.0499999407425668,0.100024177032767,0.0970873786407767,0.24711149641611,0.379005225922953,26.5165050865913,0.704427127551106,19.7130304930124,0.954775725744789,0.999371123476818,0.976564570964602,0.979296173220765,0.999965228943428,0.989522779545305,0.955504402662293,0.886062860480887,0.98122380294297,0.999226544563021,0.252327039403823,0.748177447333814,80,0.00274053700918052,0,1,0,0,0.0283652000056887,134.4595476
20280006,20284006,25,160,0,0.0499999407425668,0.100024177032767,0.0970873786407767,0.24711149641611,0.452849537168743,26.9925402025098,0.721402360913687,23.3054625972291,0.955935039692036,0.998622346758558,0.976812550302806,0.979296173220765,0.999965228943428,0.989522779545305,0.955956834690588,0.887806794060913,0.981792462481315,0.998271247529535,0.252327039403823,0.748177447333814,160,0.00148385836367878,0,1,0,0,0.0324278896294751,256.2956953
20280006,20284006,25,320,0,0.0499999407425668,0.100024177032767,0.0970873786407767,0.24711149641611,0.524854083995259,27.4189091239815,0.733421471941057,26.5824125388076,0.956914281048965,0.997772853876433,0.976916536726253,0.979296173220765,0.999965228943428,0.989522779545305,0.956305495723495,0.889425959081179,0.982313722660202,0.997176805429103,0.252327039403823,0.748177447333814,320,0.000779568474766939,0,1,0,0,0.0354593517710862,500.0140802
20280006,20284006,30,80,0,0.0499999407425668,0.100024177032767,0.0970873786407767,0.24711149641611,0.346891646910381,26.8667307861171,0.726909881059939,18.4192873981566,0.959621270282309,0.99962950839721,0.97921690178562,0.980351808945455,0.999937052397584,0.990047580719836,0.959014196609021,0.894615404417094,0.982863777306458,0.999563408103512,0.25204823318037,0.748455696004313,80,0.0027277129973539,0,1,0,0,0.027002427184466,134.7304507
20280006,20284006,30,160,0,0.0499999407425668,0.100024177032767,0.0970873786407767,0.24711149641611,0.417579606588738,27.3136606283421,0.742363968055866,21.938093494075,0.961016449726184,0.999121131570081,0.979698416957969,0.980351808945455,0.999937052397584,0.990047580719836,0.959762808735755,0.896837463889311,0.983541628112902,0.998909334205051,0.25204823318037,0.748455696004313,160,0.00143689599619241,0,1,0,0,0.0312276303189472,256.255031
20280006,20284006,30,320,0,0.0499999407425668,0.100024177032767,0.0970873786407767,0.24711149641611,0.487298682604058,27.8433923751768,0.755039394654884,25.0954172787138,0.962154024092154,0.998425710438631,0.979954345274818,0.980351808945455,0.999937052397584,0.990047580719836,0.960242599943143,0.898733058137874,0.983986922801152,0.998007818890403,0.25204823318037,0.748455696004313,320,0.000797171972644796,0,1,0,0,0.0342853138747725,499.6163696
20280006,20284006,61,80,0,0.0499999407425668,0.100024177032767,0.0970873786407767,0.24711149641611,1.00986234595084,13.769363151857,0.233055831380203,43.5160114872494,0.946936974158654,0.846393462082163,0.89384671975101,0.939357070193286,0.830358009992482,0.881500842944942,0.843609202968365,0.661658837071835,0.907450005742799,0.96171876609046,0.21843771332676,0.78199900459096,80,0.00192074946336401,0,1,0,0,0.128082275390625,136.6150824
20280006,20284006,61,160,0,0.0499999407425668,0.100024177032767,0.0970873786407767,0.24711149641611,1.02170158887934,13.6856237150861,0.233195823814065,43.7049383300923,0.948614891848827,0.844436690898496,0.893499359324055,0.939357070193286,0.830358009992482,0.881500842944942,0.843177401792829,0.663244487702617,0.905713445112104,0.960574272563767,0.21843771332676,0.78199900459096,160,0.000971444639482704,0,1,0,0,0.12866729440041,260.5586095
20280006,20284006,61,320,0,0.0499999407425668,0.100024177032767,0.0970873786407767,0.24711149641611,1.03120737055256,13.6191767003942,0.233188605955828,43.8525106786093,0.949682777885087,0.842996090054638,0.893164841586422,0.939357070193286,0.830358009992482,0.881500842944942,0.842880980775484,0.664441120712425,0.904558999905525,0.959642821708503,0.21843771332676,0.78199900459096,320,0.000522634007652136,0,1,0,0,0.129199426151016,507.8766137
20280006,20284006,105,80,0,0.0499999407425668,0.100024177032767,0.0970873786407767,0.24711149641611,1.93063022865486,8.29446736148324,0.0858057191160854,63.9755181359394,0.592358284752327,0.441940728537565,0.50621193398612,0.583742187890038,0.462634303206011,0.516179716659309,0.411058255848077,0.151508994148495,0.286887863003969,0.794777910391767,0.195843742889108,0.804547796353239,80,0.00125749019161459,0,1,0,0,0.222221152296344,140.6481759
20280006,20284006,105,160,0,0.0499999407425668,0.100024177032767,0.0970873786407767,0.24711149641611,1.94998403691917,8.22370342850105,0.0854760379624951,64.1657752006029,0.594153157970876,0.438277777577944,0.504448513987944,0.583742187890038,0.462634303206011,0.516179716659309,0.40882355963301,0.151739544872364,0.283408543713828,0.791322590312839,0.195843742889108,0.804547796353239,160,0.000558006428163023,0,1,0,0,0.22298127702139,268.5643986
20280006,20284006,105,320,0,0.0499999407425668,0.100024177032767,0.0970873786407767,0.24711149641611,1.96454937968861,8.17181838836379,0.0852436967833087,64.3067712816582,0.595252472193449,0.436145352608489,0.503426695563841,0.583742187890038,0.462634303206011,0.516179716659309,0.407457077295391,0.151873189023351,0.281158192181761,0.789339850681061,0.195843742889108,0.804547796353239,320,0.000254012718374805,0,1,0,0,0.223634293935831,525.0630195
20280007,20284007,25,80,1,0.0499999407425668,0.100040769114078,0.0970873786407767,0.247128088497421,0.372430565848571,26.1252717637369,0.696056433787974,19.3614011765665,0.955969815933614,0.999484463776387,0.977242974974101,0.980383917115937,0.999951443681264,0.990071007859327,0.956623776485527,0.88816328944786,0.982314181118981,0.999393858889739,0.25206052909777,0.748443424676116,80,0.00257908297245127,0,1,0,0,0.0277711442373331,134.3068917
20280007,20284007,25,160,0,0.0499999407425668,0.100040769114078,0.0970873786407767,0.247128088497421,0.447045402487507,26.3123643436173,0.709033125067571,22.948694942332,0.956511130006723,0.998693775079938,0.97714741697628,0.980383917115937,0.999951443681264,0.990071007859327,0.956634450191859,0.888812081322178,0.982693717017194,0.998397552236206,0.25206052909777,0.748443424676116,160,0.00147500658622763,0,1,0,0,0.031962126204111,256.3704986
20280007,20284007,25,320,0,0.0499999407425668,0.100040769114078,0.0970873786407767,0.247128088497421,0.53236657445842,26.6508158767345,0.721165479009412,26.7295326624641,0.957053888221188,0.997675291307939,0.976942511246983,0.980383917115937,0.999951443681264,0.990071007859327,0.956568440180304,0.889698875291407,0.982920951287025,0.997085493962481,0.25206052909777,0.748443424676116,320,0.000853113222595474,0,1,0,0,0.0356581604596481,499.6345628
20280007,20284007,30,80,0,0.0499999407425668,0.100040769114078,0.0970873786407767,0.247128088497421,0.341461056262752,26.4138468955052,0.718210946757134,17.8931113089596,0.96115348170213,0.999636127339845,0.980017172466929,0.979583267264516,0.999903486823254,0.989639079472289,0.960319263249224,0.897560074890807,0.98378391131027,0.999613803546596,0.252254449048089,0.748249892524291,80,0.00269615009784366,0,1,0,0,0.0261107509576001,134.7593434
20280007,20284007,30,160,0,0.0499999407425668,0.100040769114078,0.0970873786407767,0.247128088497421,0.415435075303726,26.3857708108602,0.729969982874529,21.4944850729928,0.961838070508466,0.999014486567883,0.980073858896515,0.979583267264516,0.999903486823254,0.989639079472289,0.960481780406592,0.898520515482409,0.98406595797886,0.998858867758508,0.252254449048089,0.748249892524291,160,0.0014605455909207,0,1,0,0,0.0307557930066748,256.3132515
20280007,20284007,30,320,0,0.0499999407425668,0.100040769114078,0.0970873786407767,0.247128088497421,0.499055371153595,26.4170780508491,0.740560612817903,25.1340715118056,0.962289610153957,0.998234588164487,0.979932584877969,0.979583267264516,0.999903486823254,0.989639079472289,0.960443077762149,0.899019445267539,0.984441397307466,0.997868390711444,0.252254449048089,0.748249892524291,320,0.000809687129620773,0,1,0,0,0.0346300439927184,500.0162594
20280007,20284007,61,80,0,0.0499999407425668,0.100040769114078,0.0970873786407767,0.247128088497421,1.05195305949086,13.4202929548171,0.218369933892584,44.5607465787139,0.944513629161256,0.827934989683281,0.882390466500662,0.936231196901377,0.812013312823784,0.869709232931472,0.829314613115866,0.64186820332712,0.891326067248484,0.954749568771995,0.214339469243022,0.786089053713967,80,0.00179429546440186,0,1,0,0,0.134541780045889,136.8698196
20280007,20284007,61,160,0,0.0499999407425668,0.100040769114078,0.0970873786407767,0.247128088497421,1.06335951506163,13.3423190280936,0.218459446352672,44.7264849783569,0.945964425241315,0.826052683006367,0.881951362503372,0.936231196901377,0.812013312823784,0.869709232931472,0.828806816521514,0.643655358975156,0.88924812452152,0.953516966067864,0.214339469243022,0.786089053713967,160,0.000861409573521243,0,1,0,0,0.13508309669865,261.0873141
20280007,20284007,61,320,0,0.0499999407425668,0.100040769114078,0.0970873786407767,0.247128088497421,1.07177992272465,13.2855475932768,0.218514318703993,44.8451643746427,0.94699634728083,0.824942481743424,0.881765785738772,0.936231196901377,0.812013312823784,0.869709232931472,0.828574008712579,0.6448316989546,0.888045546980916,0.952844780202222,0.214339469243022,0.786089053713967,320,0.000454135919753612,0,1,0,0,0.135570192799985,509.6576877
20280007,20284007,105,80,0,0.0499999407425668,0.100040769114078,0.0970873786407767,0.247128088497421,1.93161365568792,8.29114946323624,0.0863838030083788,63.970579753843,0.59503352467944,0.440811046382674,0.506441522163437,0.586373709755691,0.461403121751672,0.516435660836586,0.411044015398027,0.152855439614777,0.285642781432441,0.794633825146864,0.194459044817582,0.805929725661921,80,0.00126246802150737,0,1,0,0,0.222180116523817,140.7971779
20280007,20284007,105,160,0,0.0499999407425668,0.100040769114078,0.0970873786407767,0.247128088497421,1.95088521781776,8.22105366257434,0.0860688363164731,64.1632575051973,0.596646790278327,0.437087196358156,0.504552769184619,0.586373709755691,0.461403121751672,0.516435660836586,0.40853443496014,0.15292333784992,0.281476648446837,0.791203318583663,0.194459044817582,0.805929725661921,160,0.000555917258640292,0,1,0,0,0.223018609204339,269.6722991
20280007,20284007,105,320,0,0.0499999407425668,0.100040769114078,0.0970873786407767,0.247128088497421,1.96511278774673,8.17072667104229,0.0858555595359439,64.3024178139792,0.597883231819062,0.435147940912355,0.503697592288885,0.586373709755691,0.461403121751672,0.516435660836586,0.407312661540691,0.153068025245439,0.279246142654361,0.789623816722273,0.194459044817582,0.805929725661921,320,0.000250990621723912,0,1,0,0,0.223607479947285,525.5745874
20280008,20284008,25,80,1,0.0499999407425668,0.100036028519417,0.0970873786407767,0.247123347902761,0.37347797737986,26.7802482357587,0.708736929408155,19.4011516521059,0.955981586034375,0.999522820109176,0.977267458813772,0.979806654206134,0.999958036944274,0.989779788380383,0.956738843833343,0.888374990078524,0.98242094798399,0.999420593437514,0.252205857952822,0.748298386447726,80,0.00248457075220905,0,1,0,0,0.0229818103382888,134.6488798
20280008,20284008,25,160,0,0.0499999407425668,0.100036028519417,0.0970873786407767,0.247123347902761,0.437959991093633,27.1638429864734,0.722905495061391,22.5304033143603,0.956468953957603,0.998873591689876,0.977211467633798,0.979806654206134,0.999958036944274,0.989779788380383,0.956782040209928,0.889070474031455,0.982692905062723,0.998582741535605,0.252205857952822,0.748298386447726,160,0.00135483199348634,0,1,0,0,0.0264957761301578,256.1153114
20280008,20284008,25,320,0,0.0499999407425668,0.100036028519417,0.0970873786407767,0.247123347902761,0.505537967337463,27.4837648707321,0.733745655606199,25.5785403377707,0.956932799672631,0.998120055103487,0.977092579779852,0.979806654206134,0.999958036944274,0.989779788380383,0.956800577685367,0.889957555750185,0.982829461501934,0.99761471580398,0.252205857952822,0.748298386447726,320,0.000750284080535432,0,1,0,0,0.0293539102795055,499.4467043
20280008,20284008,30,80,0,0.0499999407425668,0.100036028519417,0.0970873786407767,0.247123347902761,0.341527094858276,27.1418445001498,0.731188869988833,18.0276840270792,0.961803434789806,0.999691871276528,0.98038172464808,0.980301261003737,0.999956837999825,0.990031501180367,0.96090516794795,0.899024955002633,0.984056130440327,0.99963441840089,0.252078306327746,0.748425682996797,80,0.0024935620865286,0,1,0,0,0.0214354876175667,134.7776085
20280008,20284008,30,160,0,0.0499999407425668,0.100036028519417,0.0970873786407767,0.247123347902761,0.405876217379204,27.4467336829514,0.744351226882985,21.157653977658,0.962686088758931,0.999254256552531,0.980629379700691,0.980301261003737,0.999956837999825,0.990031501180367,0.96130837781717,0.900350907783178,0.98449135630943,0.999082869358902,0.252078306327746,0.748425682996797,160,0.00133129346800643,0,1,0,0,0.0251457436570843,255.9288238
20280008,20284008,30,320,0,0.0499999407425668,0.100036028519417,0.0970873786407767,0.247123347902761,0.473550080561228,27.7330901688947,0.75475467689494,24.1486729244473,0.963378750375905,0.998622412827746,0.980684038531843,0.980301261003737,0.999956837999825,0.990031501180367,0.9615150537713,0.901467676751149,0.984810064945844,0.998267419616906,0.252078306327746,0.748425682996797,320,0.000729876280222961,0,1,0,0,0.0282112788228155,499.1037192
20280008,20284008,61,80,0,0.0499999407425668,0.100036028519417,0.0970873786407767,0.247123347902761,0.995095019800933,13.9090476039366,0.230431328465753,43.4006685702642,0.949939966691196,0.852771420041795,0.898736936274417,0.941087233913272,0.83562171863891,0.885224257650213,0.850329325124324,0.673065734073235,0.914963849714307,0.96295839158543,0.219428793897907,0.781009905822077,80,0.00202167527651701,0,1,0,0,0.125670794144417,136.474712
20280008,20284008,61,160,0,0.0499999407425668,0.100036028519417,0.0970873786407767,0.247123347902761,1.00788764676915,13.8169688769976,0.230586919397584,43.6044181352049,0.951509161846436,0.850732015533524,0.898302976556143,0.941087233913272,0.83562171863891,0.885224257650213,0.849846326198943,0.674693582595147,0.913156239676772,0.961689156324909,0.219428793897907,0.781009905822077,160,0.00103063193641692,0,1,0,0,0.126341736432418,259.9608313
20280008,20284008,61,320,0,0.0499999407425668,0.100036028519417,0.0970873786407767,0.247123347902761,1.01785455394966,13.7474859527373,0.230644856406116,43.7617811408365,0.952593135392962,0.8494329592227,0.898060253788559,0.941087233913272,0.83562171863891,0.885224257650213,0.8496587400342,0.676027148852391,0.912045189543794,0.960903881706416,0.219428793897907,0.781009905822077,320,0.000537674542942707,0,1,0,0,0.127053566349363,508.7738381
20280008,20284008,105,80,0,0.0499999407425668,0.100036028519417,0.0970873786407767,0.247123347902761,1.89580607406746,8.45010085881211,0.0866971285075404,63.5858019161051,0.63018117033397,0.455261387874116,0.528627060085068,0.622595848461798,0.475937784374637,0.539477135374835,0.426567926608826,0.158551336649608,0.317977758837356,0.803174684339515,0.188911215772907,0.81146646165889,80,0.00120132512300189,0,1,0,0,0.218123204499772,140.8397575
20280008,20284008,105,160,0,0.0499999407425668,0.100036028519417,0.0970873786407767,0.247123347902761,1.91282789622642,8.38628797519337,0.0864086850475265,63.7619216121802,0.631769334575743,0.451560246359105,0.52667613140771,0.622595848461798,0.475937784374637,0.539477135374835,0.423958070483782,0.158431794409228,0.313582692226869,0.799859724815248,0.188911215772907,0.81146646165889,160,0.000509108524589864,0,1,0,0,0.218819775627655,269.5280948
20280008,20284008,105,320,0,0.0499999407425668,0.100036028519417,0.0970873786407767,0.247123347902761,1.92459578589787,8.34319898847016,0.0862259888720791,63.8799756592898,0.632725514795276,0.449577192239952,0.525655084388474,0.622595848461798,0.475937784374637,0.539477135374835,0.422724284010917,0.158386300337475,0.311646853040621,0.798139698654656,0.188911215772907,0.81146646165889,320,0.000213056606645389,0,1,0,0,0.219449385855962,526.3379204
20280009,20284009,25,80,1,0.0499999407425668,0.100012325546116,0.0970873786407767,0.24709964492946,0.370605879091189,26.1971484455275,0.697506776959608,19.3431678053553,0.952331450550241,0.999607907557312,0.975397155276883,0.978782536847121,0.999962829156809,0.989259327137681,0.954309592992782,0.882519489586161,0.980874899150142,0.999534390242041,0.252446739418993,0.748057986693247,80,0.00264291495407643,0,1,0,0,0.0242708076551123,125.4437501
20280009,20284009,25,160,0,0.0499999407425668,0.100012325546116,0.0970873786407767,0.24709964492946,0.444814323139259,26.4397470921744,0.711933909088147,23.0560103763601,0.953188365663649,0.998801540071968,0.975462019353785,0.978782536847121,0.999962829156809,0.989259327137681,0.954580731936735,0.883985107408796,0.981245506552164,0.998511581849245,0.252446739418993,0.748057986693247,160,0.00147552498107497,0,1,0,0,0.0285444537412773,238.1380664
20280009,20284009,25,320,0,0.0499999407425668,0.100012325546116,0.0970873786407767,0.24709964492946,0.525484321526192,26.6530186280914,0.723785552596727,26.7420221494516,0.953753323553681,0.997865674165185,0.975310964186747,0.978782536847121,0.999962829156809,0.989259327137681,0.954552761926808,0.884946426847711,0.98139389875175,0.997317960180965,0.252446739418993,0.748057986693247,320,0.000815050704418841,0,1,0,0,0.0321545647185983,462.5825334
20280009,20284009,30,80,0,0.0499999407425668,0.100012325546116,0.0970873786407767,0.24709964492946,0.341122171689188,26.6101832222651,0.720775625456682,18.1198183148246,0.957519732558233,0.999749996103057,0.978179281961759,0.979483899838443,0.999940047027112,0.989606272489211,0.957952387898394,0.891229566491813,0.982910727880768,0.9997168693226,0.252260226647831,0.748244126478518,80,0.00259650913960119,0,1,0,0,0.0231456571412318,124.4319389
20280009,20284009,30,160,0,0.0499999407425668,0.100012325546116,0.0970873786407767,0.24709964492946,0.412705231538564,26.7246494375421,0.733471939659962,21.7073829520441,0.958617198734541,0.999149866844447,0.978463948352461,0.979483899838443,0.999940047027112,0.989606272489211,0.958421345726858,0.892804964908037,0.983493160525938,0.998965911746601,0.252260226647831,0.748244126478518,160,0.00142767816555374,0,1,0,0,0.0274773755119842,235.3162859
20280009,20284009,30,320,0,0.0499999407425668,0.100012325546116,0.0970873786407767,0.24709964492946,0.490343814436755,26.907822055647,0.744775168456997,25.23606767719,0.959818425877309,0.998416042456297,0.978736846621372,0.979483899838443,0.999940047027112,0.989606272489211,0.9589392174013,0.894765417990736,0.984017606659269,0.998034627553895,0.252260226647831,0.748244126478518,320,0.00078980442360729,0,1,0,0,0.0311609657065382,457.5188601
20280009,20284009,61,80,0,0.0499999407425668,0.100012325546116,0.0970873786407767,0.24709964492946,0.935720886560401,14.4494501428004,0.265771024060474,40.5464721240355,0.954160362203182,0.882038329134627,0.916682944579393,0.947184011092154,0.863355783723248,0.903329268506879,0.875580489924494,0.724202522426887,0.931217021620303,0.971321925726291,0.225230689187652,0.775219612305213,80,0.00240167076823215,0,1,0,0,0.112151803322209,125.1338521
20280009,20284009,61,160,0,0.0499999407425668,0.100012325546116,0.0970873786407767,0.24709964492946,0.95364349963451,14.3113749954561,0.266114663725843,40.7895568960761,0.955834634594726,0.879661793289344,0.916167632889305,0.947184011092154,0.863355783723248,0.903329268506879,0.875119035812486,0.725958950305986,0.929420569423342,0.969977587708131,0.225230689187652,0.775219612305213,160,0.00129049614147197,0,1,0,0,0.113052664451229,236.5287347
20280009,20284009,61,320,0,0.0499999407425668,0.100012325546116,0.0970873786407767,0.24709964492946,0.969810631076968,14.1899988699914,0.266316262703664,40.9985133566334,0.956890654676386,0.878065845151063,0.915785198716792,0.947184011092154,0.863355783723248,0.903329268506879,0.874784020324879,0.727023676707574,0.928232218381147,0.969096165885917,0.225230689187652,0.775219612305213,320,0.000721559892449322,0,1,0,0,0.113640942619842,461.3707973
20280009,20284009,105,80,0,0.0499999407425668,0.100012325546116,0.0970873786407767,0.24709964492946,1.89309328408629,8.47627279590852,0.0879537378004767,63.4609479732212,0.627230850986542,0.460667252607055,0.531198118500068,0.619602592792654,0.481388199096629,0.541819928917356,0.43111116799881,0.158623932566658,0.330360158892371,0.804349412537401,0.191979269379551,0.808404542701485,80,0.00123433917751951,0,1,0,0,0.216799837871663,128.8310299
20280009,20284009,105,160,0,0.0499999407425668,0.100012325546116,0.0970873786407767,0.24709964492946,1.911152123452,8.40870268118391,0.0876568045570746,63.6462897037464,0.628994679125782,0.456911798385347,0.529318308650074,0.619602592792654,0.481388199096629,0.541819928917356,0.428549306415564,0.158698309676851,0.326006259946835,0.800943349623008,0.191979269379551,0.808404542701485,160,0.000533521426488937,0,1,0,0,0.2174801132054,244.9848779
20280009,20284009,105,320,0,0.0499999407425668,0.100012325546116,0.0970873786407767,0.24709964492946,1.92418109146897,8.36111732738337,0.0874604872513641,63.7790078155958,0.630015508048486,0.454725313464119,0.528207279938298,0.619602592792654,0.481388199096629,0.541819928917356,0.426936202230535,0.15863870278893,0.323156921125996,0.799012982776678,0.191979269379551,0.808404542701485,320,0.000231131066380222,0,1,0,0,0.218081576152913,491.170266
20280010,20284010,25,80,1,0.0499999407425668,0.100052620600728,0.0970873786407767,0.247139939984072,0.368272690451446,26.6511002465374,0.703819609917207,19.249011099965,0.955039493149767,0.999551624880264,0.976788719028658,0.97926516427846,0.999965232945261,0.989506951274054,0.955829217016631,0.886497784870491,0.981537956945677,0.999451909233726,0.252364075299606,0.748140485501949,80,0.00256758596977287,0,1,0,0,0.023934818008571,124.6796894
20280010,20284010,25,160,0,0.0499999407425668,0.100052620600728,0.0970873786407767,0.247139939984072,0.438739729929253,27.0140207482676,0.71820183543858,22.8410774467345,0.955771555867569,0.998895246864072,0.976857705783698,0.97926516427846,0.999965232945261,0.989506951274054,0.956059990884415,0.887587966859654,0.981978661051231,0.998613344742361,0.252364075299606,0.748140485501949,160,0.00142388744868611,0,1,0,0,0.0276572218219053,237.2851698
20280010,20284010,25,320,0,0.0499999407425668,0.100052620600728,0.0970873786407767,0.247139939984072,0.517056099336083,27.3300503981405,0.729696945940299,26.5264179804108,0.956295006694463,0.997994900032729,0.976700065146542,0.97926516427846,0.999965232945261,0.989506951274054,0.95606581741886,0.888449656627414,0.982287186787191,0.997460608841976,0.252364075299606,0.748140485501949,320,0.0007821239764644,0,1,0,0,0.0309260099836924,461.2252111
20280010,20284010,30,80,0,0.0499999407425668,0.100052620600728,0.0970873786407767,0.247139939984072,0.338702127108871,27.0002879336377,0.727587465367058,17.9395785802736,0.960525944462522,0.999712272650436,0.979727429549447,0.979814829281243,0.999955042601631,0.989782492673067,0.959775189236879,0.896322531618086,0.983340369086008,0.999662667006544,0.252219931593219,0.748284340951607,80,0.00252153988598376,0,1,0,0,0.0227787054858161,123.9674379
20280010,20284010,30,160,0,0.0499999407425668,0.100052620600728,0.0970873786407767,0.247139939984072,0.406830393367724,27.2680617338545,0.740035591580787,21.3904373099563,0.961416697475555,0.999199758309026,0.979944169006185,0.979814829281243,0.999955042601631,0.989782492673067,0.960126846691956,0.897626368788563,0.983747741718159,0.999006429569145,0.252219931593219,0.748284340951607,160,0.00136703674740004,0,1,0,0,0.0265640703219812,235.6291237
20280010,20284010,30,320,0,0.0499999407425668,0.100052620600728,0.0970873786407767,0.247139939984072,0.48180512570298,27.6159065629447,0.750842549593821,24.8572495348721,0.962028898462676,0.99855177234053,0.979950150390049,0.979814829281243,0.999955042601631,0.989782492673067,0.960250683578113,0.898491921151856,0.984089948755993,0.998170180826491,0.252219931593219,0.748284340951607,320,0.000765297665003656,0,1,0,0,0.0298513764316596,457.5247086
20280010,20284010,61,80,0,0.0499999407425668,0.100052620600728,0.0970873786407767,0.247139939984072,0.96092407965701,14.219409767371,0.258327227540564,41.4696200470273,0.951271877271209,0.87088415017929,0.909304788334654,0.944339764097678,0.853196111364871,0.896457228513484,0.865254956573585,0.70414714718881,0.92368396526027,0.967933757271676,0.223287045376972,0.77715936948827,80,0.00222789114711134,0,1,0,0,0.117244090848756,125.0080692
20280010,20284010,61,160,0,0.0499999407425668,0.100052620600728,0.0970873786407767,0.247139939984072,0.977087837970206,14.0993562450234,0.258585323432389,41.7026966066177,0.952847111986712,0.86859312115839,0.908771456704024,0.944339764097678,0.853196111364871,0.896457228513484,0.864735648998168,0.705747801492976,0.921843567786403,0.966615577715125,0.223287045376972,0.77715936948827,160,0.00118593259853029,0,1,0,0,0.118001697132888,236.9299163
20280010,20284010,61,320,0,0.0499999407425668,0.100052620600728,0.0970873786407767,0.247139939984072,0.990926241923433,13.998609329324,0.258688032225984,41.895493835167,0.953837904717183,0.866929097986748,0.908309336816884,0.944339764097678,0.853196111364871,0.896457228513484,0.86434256060373,0.707041512586839,0.920301035843408,0.965685133380944,0.223287045376972,0.77715936948827,320,0.000649876772134961,0,1,0,0,0.118551902400637,466.1317891
20280010,20284010,105,80,0,0.0499999407425668,0.100052620600728,0.0970873786407767,0.247139939984072,1.92946188581055,8.30595037496454,0.0845509653573097,63.8737566207014,0.592538733264246,0.442822581321939,0.506855969410404,0.583659572413002,0.463641453358797,0.516773622408926,0.412729716450851,0.152677732539931,0.292609305643799,0.792902111168824,0.196320468939624,0.804072023538492,80,0.00125353757290468,0,1,0,0,0.22235862954149,142.6888799
20280010,20284010,105,160,0,0.0499999407425668,0.100052620600728,0.0970873786407767,0.247139939984072,1.94890711446536,8.23440716601015,0.0841865248402834,64.0677045562213,0.594500848083494,0.439106702488722,0.505122678107705,0.583659572413002,0.463641453358797,0.516773622408926,0.410064292502319,0.1528638013788,0.287938906791298,0.789390169336858,0.196320468939624,0.804072023538492,160,0.000554957408408197,0,1,0,0,0.223135938922178,249.7545636
20280010,20284010,105,320,0,0.0499999407425668,0.100052620600728,0.0970873786407767,0.247139939984072,1.96352033799346,8.18201735501642,0.0839171042532757,64.2100617086855,0.595581151541547,0.436910383720387,0.504053700334953,0.583659572413002,0.463641453358797,0.516773622408926,0.40857780401068,0.153001494748567,0.285366737236733,0.787365180046739,0.196320468939624,0.804072023538492,320,0.00025281703950473,0,1,0,0,0.223793992718447,485.4058227
