Variant,LevelMacroF1,EntryF1,BlockF1,SliceF1,Seed,Scenario
FullHCL,0.958952788283987,0.938213671202878,0.979691905365096,NaN,20270001,EB
Flat,0.246509388541165,0.49301877708233,0,NaN,20270001,EB
EntryOnly,0.246321613278274,0.492643226556549,0,NaN,20270001,EB
NoBlock,0.246321613278274,0.492643226556549,0,NaN,20270001,EB
NoSlice,0.958952788283987,0.938213671202878,0.979691905365096,NaN,20270001,EB
FullHCL,0.989249880554228,0.978499761108457,NaN,1,20270001,ES
Flat,0.247283264911857,0.494566529823714,NaN,0,20270001,ES
EntryOnly,0.247283264911857,0.494566529823714,NaN,0,20270001,ES
NoBlock,0.989249880554228,0.978499761108457,NaN,1,20270001,ES
NoSlice,0.489249880554228,0.978499761108457,NaN,0,20270001,ES
FullHCL,0.991587029322878,NaN,0.983174058645757,1,20270001,BS
Flat,0,NaN,0,0,20270001,BS
EntryOnly,0,NaN,0,0,20270001,BS
NoBlock,0.5,NaN,0,1,20270001,BS
NoSlice,0.327323652580628,NaN,0.654647305161255,0,20270001,BS
FullHCL,0.978798044780464,0.957099407715704,0.979294726625688,1,20270001,EBS
Flat,0.1105413720516,0.331624116154801,0,0,20270001,EBS
EntryOnly,0.110517511197453,0.331552533592359,0,0,20270001,EBS
NoBlock,0.498667958343425,0.496003875030274,0,1,20270001,EBS
NoSlice,0.537100998451161,0.957099407715704,0.654203587637778,0,20270001,EBS
FullHCL,0.955587484076314,0.930919263346025,0.980255704806603,NaN,20270002,EB
Flat,0.244371967226155,0.488743934452311,0,NaN,20270002,EB
EntryOnly,0.244187432931918,0.488374865863837,0,NaN,20270002,EB
NoBlock,0.244187432931918,0.488374865863837,0,NaN,20270002,EB
NoSlice,0.955587484076314,0.930919263346025,0.980255704806603,NaN,20270002,EB
FullHCL,0.989639783232388,0.979279566464775,NaN,1,20270002,ES
Flat,0.247382831373812,0.494765662747624,NaN,0,20270002,ES
EntryOnly,0.247382831373812,0.494765662747624,NaN,0,20270002,ES
NoBlock,0.989639783232388,0.979279566464775,NaN,1,20270002,ES
NoSlice,0.489639783232388,0.979279566464775,NaN,0,20270002,ES
FullHCL,0.990698635799917,NaN,0.981397271599835,1,20270002,BS
Flat,0,NaN,0,0,20270002,BS
EntryOnly,0,NaN,0,0,20270002,BS
NoBlock,0.5,NaN,0,1,20270002,BS
NoSlice,0.325401611930479,NaN,0.650803223860957,0,20270002,BS
FullHCL,0.978318972630754,0.956230031948882,0.978726885943381,1,20270002,EBS
Flat,0.110918544194107,0.332755632582322,0,0,20270002,EBS
EntryOnly,0.110906530921694,0.332719592765082,0,0,20270002,EBS
NoBlock,0.499540117946221,0.498620353838663,0,1,20270002,EBS
NoSlice,0.535847413096177,0.956230031948882,0.651312207339649,0,20270002,EBS
FullHCL,0.95888432168829,0.939092263071255,0.978676380305325,NaN,20270003,EB
Flat,0.247054565925449,0.494109131850899,0,NaN,20270003,EB
EntryOnly,0.24684612294094,0.49369224588188,0,NaN,20270003,EB
NoBlock,0.24684612294094,0.49369224588188,0,NaN,20270003,EB
NoSlice,0.95888432168829,0.939092263071255,0.978676380305325,NaN,20270003,EB
FullHCL,0.990656444657403,0.981312889314806,NaN,1,20270003,ES
Flat,0.24764207980653,0.495284159613059,NaN,0,20270003,ES
EntryOnly,0.24764207980653,0.495284159613059,NaN,0,20270003,ES
NoBlock,0.990656444657403,0.981312889314806,NaN,1,20270003,ES
NoSlice,0.490656444657403,0.981312889314806,NaN,0,20270003,ES
FullHCL,0.992479039947394,NaN,0.984958079894789,1,20270003,BS
Flat,0,NaN,0,0,20270003,BS
EntryOnly,0,NaN,0,0,20270003,BS
NoBlock,0.5,NaN,0,1,20270003,BS
NoSlice,0.327225559803386,NaN,0.654451119606772,0,20270003,BS
FullHCL,0.980417084595657,0.960295772383861,0.980955481403109,1,20270003,EBS
Flat,0.110843503910373,0.332530511731118,0,0,20270003,EBS
EntryOnly,0.110834505898907,0.33250351769672,0,0,20270003,EBS
NoBlock,0.499378411977731,0.498135235933193,0,1,20270003,EBS
NoSlice,0.538082784092144,0.960295772383861,0.653952579892572,0,20270003,EBS
FullHCL,0.958893736280232,0.939753357945173,0.97803411461529,NaN,20270004,EB
Flat,0.247253410600024,0.494506821200048,0,NaN,20270004,EB
EntryOnly,0.247044632086852,0.494089264173703,0,NaN,20270004,EB
NoBlock,0.247044632086852,0.494089264173703,0,NaN,20270004,EB
NoSlice,0.958893736280232,0.939753357945173,0.97803411461529,NaN,20270004,EB
FullHCL,0.989094093297246,0.978188186594491,NaN,1,20270004,ES
Flat,0.247243460764588,0.494486921529175,NaN,0,20270004,ES
EntryOnly,0.247243460764588,0.494486921529175,NaN,0,20270004,ES
NoBlock,0.989094093297246,0.978188186594491,NaN,1,20270004,ES
NoSlice,0.489094093297246,0.978188186594491,NaN,0,20270004,ES
FullHCL,0.992473295665443,NaN,0.984946591330886,1,20270004,BS
Flat,0,NaN,0,0,20270004,BS
EntryOnly,0,NaN,0,0,20270004,BS
NoBlock,0.5,NaN,0,1,20270004,BS
NoSlice,0.326837279321199,NaN,0.653674558642398,0,20270004,BS
FullHCL,0.979297740239632,0.957898119877872,0.979995100841022,1,20270004,EBS
Flat,0.110945583574853,0.332836750724559,0,0,20270004,EBS
EntryOnly,0.110930560069332,0.332791680207995,0,0,20270004,EBS
NoBlock,0.499594089949667,0.498782269849001,0,1,20270004,EBS
NoSlice,0.536833311994525,0.957898119877872,0.652601816105704,0,20270004,EBS
FullHCL,0.959593965825646,0.939018654961593,0.9801692766897,NaN,20270005,EB
Flat,0.246717262980364,0.493434525960728,0,NaN,20270005,EB
EntryOnly,0.246479720784691,0.492959441569383,0,NaN,20270005,EB
NoBlock,0.246479720784691,0.492959441569383,0,NaN,20270005,EB
NoSlice,0.959593965825646,0.939018654961593,0.9801692766897,NaN,20270005,EB
FullHCL,0.987890097673311,0.975780195346621,NaN,1,20270005,ES
Flat,0.246935412563804,0.493870825127607,NaN,0,20270005,ES
EntryOnly,0.246935412563804,0.493870825127607,NaN,0,20270005,ES
NoBlock,0.987890097673311,0.975780195346621,NaN,1,20270005,ES
NoSlice,0.487890097673311,0.975780195346621,NaN,0,20270005,ES
FullHCL,0.992015679801939,NaN,0.984031359603879,1,20270005,BS
Flat,0,NaN,0,0,20270005,BS
EntryOnly,0,NaN,0,0,20270005,BS
NoBlock,0.5,NaN,0,1,20270005,BS
NoSlice,0.326479204884593,NaN,0.652958409769187,0,20270005,BS
FullHCL,0.980453096082827,0.960609707180104,0.980749581068378,1,20270005,EBS
Flat,0.11097864961526,0.332935948845779,0,0,20270005,EBS
EntryOnly,0.110966623320329,0.332899869960988,0,0,20270005,EBS
NoBlock,0.499675113710201,0.499025341130604,0,1,20270005,EBS
NoSlice,0.537824421052961,0.960609707180104,0.652863555978778,0,20270005,EBS
FullHCL,0.961225148796729,0.941637289463376,0.980813008130081,NaN,20270006,EB
Flat,0.246074975969241,0.492149951938481,0,NaN,20270006,EB
EntryOnly,0.24586818200008,0.49173636400016,0,NaN,20270006,EB
NoBlock,0.24586818200008,0.49173636400016,0,NaN,20270006,EB
NoSlice,0.961225148796729,0.941637289463376,0.980813008130081,NaN,20270006,EB
FullHCL,0.988977317946677,0.977954635893355,NaN,1,20270006,ES
Flat,0.247213616062447,0.494427232124894,NaN,0,20270006,ES
EntryOnly,0.247213616062447,0.494427232124894,NaN,0,20270006,ES
NoBlock,0.988977317946677,0.977954635893355,NaN,1,20270006,ES
NoSlice,0.488977317946677,0.977954635893355,NaN,0,20270006,ES
FullHCL,0.991981248457932,NaN,0.983962496915865,1,20270006,BS
Flat,0,NaN,0,0,20270006,BS
EntryOnly,0,NaN,0,0,20270006,BS
NoBlock,0.5,NaN,0,1,20270006,BS
NoSlice,0.326831666939846,NaN,0.653663333879692,0,20270006,BS
FullHCL,0.973271862659333,0.939944903581267,0.979870684396731,1,20270006,EBS
Flat,0.110033579583613,0.33010073875084,0,0,20270006,EBS
EntryOnly,0.110012892135797,0.330038676407391,0,0,20270006,EBS
NoBlock,0.497541158862519,0.492623476587556,0,1,20270006,EBS
NoSlice,0.531108291974417,0.939944903581267,0.653379972341983,0,20270006,EBS
FullHCL,0.954281616865818,0.92991452991453,0.978648703817106,NaN,20270007,EB
Flat,0.245524296675192,0.491048593350384,0,NaN,20270007,EB
EntryOnly,0.245279252664777,0.490558505329554,0,NaN,20270007,EB
NoBlock,0.245279252664777,0.490558505329554,0,NaN,20270007,EB
NoSlice,0.954281616865818,0.92991452991453,0.978648703817106,NaN,20270007,EB
FullHCL,0.988938405220436,0.977876810440872,NaN,1,20270007,ES
Flat,0.247203669429468,0.494407338858936,NaN,0,20270007,ES
EntryOnly,0.247203669429468,0.494407338858936,NaN,0,20270007,ES
NoBlock,0.988938405220436,0.977876810440872,NaN,1,20270007,ES
NoSlice,0.488938405220436,0.977876810440872,NaN,0,20270007,ES
FullHCL,0.991762089134196,NaN,0.983524178268391,1,20270007,BS
Flat,0,NaN,0,0,20270007,BS
EntryOnly,0,NaN,0,0,20270007,BS
NoBlock,0.5,NaN,0,1,20270007,BS
NoSlice,0.326505496909698,NaN,0.653010993819395,0,20270007,BS
FullHCL,0.979473589054757,0.958236472945892,0.98018429421838,1,20270007,EBS
Flat,0.110855503531895,0.332566510595686,0,0,20270007,EBS
EntryOnly,0.110843503910373,0.332530511731118,0,0,20270007,EBS
NoBlock,0.499398608014055,0.498195824042165,0,1,20270007,EBS
NoSlice,0.537082971288369,0.958236472945892,0.653012440919216,0,20270007,EBS
FullHCL,0.958151362589871,0.936486803978385,0.979815921201356,NaN,20270008,EB
Flat,0.24504447014717,0.490088940294341,0,NaN,20270008,EB
EntryOnly,0.244888198015066,0.489776396030133,0,NaN,20270008,EB
NoBlock,0.244888198015066,0.489776396030133,0,NaN,20270008,EB
NoSlice,0.958151362589871,0.936486803978385,0.979815921201356,NaN,20270008,EB
FullHCL,0.989561752988048,0.979123505976096,NaN,1,20270008,ES
Flat,0.247362911667606,0.494725823335212,NaN,0,20270008,ES
EntryOnly,0.247362911667606,0.494725823335212,NaN,0,20270008,ES
NoBlock,0.989561752988048,0.979123505976096,NaN,1,20270008,ES
NoSlice,0.489561752988048,0.979123505976096,NaN,0,20270008,ES
FullHCL,0.99073278507426,NaN,0.981465570148521,1,20270008,BS
Flat,0,NaN,0,0,20270008,BS
EntryOnly,0,NaN,0,0,20270008,BS
NoBlock,0.5,NaN,0,1,20270008,BS
NoSlice,0.326553949195459,NaN,0.653107898390917,0,20270008,BS
FullHCL,0.978023427863555,0.955426202057252,0.978644081533412,1,20270008,EBS
Flat,0.110535405872193,0.33160621761658,0,0,20270008,EBS
EntryOnly,0.110517511197453,0.331552533592359,0,0,20270008,EBS
NoBlock,0.498667958343425,0.496003875030274,0,1,20270008,EBS
NoSlice,0.536248970278609,0.955426202057252,0.653320708778574,0,20270008,EBS
FullHCL,0.956455132640593,0.933726524910756,0.979183740370431,NaN,20270009,EB
Flat,0.246025707764386,0.492051415528771,0,NaN,20270009,EB
EntryOnly,0.245818996559174,0.491637993118348,0,NaN,20270009,EB
NoBlock,0.245818996559174,0.491637993118348,0,NaN,20270009,EB
NoSlice,0.956455132640593,0.933726524910756,0.979183740370431,NaN,20270009,EB
FullHCL,0.989639783232388,0.979279566464775,NaN,1,20270009,ES
Flat,0.247382831373812,0.494765662747624,NaN,0,20270009,ES
EntryOnly,0.247382831373812,0.494765662747624,NaN,0,20270009,ES
NoBlock,0.989639783232388,0.979279566464775,NaN,1,20270009,ES
NoSlice,0.489639783232388,0.979279566464775,NaN,0,20270009,ES
FullHCL,0.991514279843846,NaN,0.983028559687693,1,20270009,BS
Flat,0,NaN,0,0,20270009,BS
EntryOnly,0,NaN,0,0,20270009,BS
NoBlock,0.5,NaN,0,1,20270009,BS
NoSlice,0.326598039483385,NaN,0.65319607896677,0,20270009,BS
FullHCL,0.97912430100525,0.9576,0.97977290301575,1,20270009,EBS
Flat,0.110750594851828,0.332251784555483,0,0,20270009,EBS
EntryOnly,0.110741611917701,0.332224835753102,0,0,20270009,EBS
NoBlock,0.49917000688287,0.497510020648609,0,1,20270009,EBS
NoSlice,0.536912544199969,0.9576,0.653137632599908,0,20270009,EBS
FullHCL,0.93725268874052,0.896733007885843,0.977772369595198,NaN,20270010,EB
Flat,0.240337975277734,0.480675950555469,0,NaN,20270010,EB
EntryOnly,0.239953134153486,0.479906268306971,0,NaN,20270010,EB
NoBlock,0.239953134153486,0.479906268306971,0,NaN,20270010,EB
NoSlice,0.93725268874052,0.896733007885843,0.977772369595198,NaN,20270010,EB
FullHCL,0.988782816229117,0.977565632458234,NaN,1,20270010,ES
Flat,0.247163890900314,0.494327781800628,NaN,0,20270010,ES
EntryOnly,0.247163890900314,0.494327781800628,NaN,0,20270010,ES
NoBlock,0.988782816229117,0.977565632458234,NaN,1,20270010,ES
NoSlice,0.488782816229117,0.977565632458234,NaN,0,20270010,ES
FullHCL,0.991512219124159,NaN,0.983024438248319,1,20270010,BS
Flat,0,NaN,0,0,20270010,BS
EntryOnly,0,NaN,0,0,20270010,BS
NoBlock,0.5,NaN,0,1,20270010,BS
NoSlice,0.326834987457738,NaN,0.653669974915476,0,20270010,BS
FullHCL,0.978966739807228,0.957286834106543,0.97961338531514,1,20270010,EBS
Flat,0.110669800870012,0.332009402610035,0,0,20270010,EBS
EntryOnly,0.110660831036905,0.331982493110715,0,0,20270010,EBS
NoBlock,0.498988918547278,0.496966755641835,0,1,20270010,EBS
NoSlice,0.536929016946076,0.957286834106543,0.653500216731686,0,20270010,EBS
FullHCL,0.909257919629688,0.845553822152886,0.97296201710649,NaN,20270011,EB
Flat,0.232762539778754,0.465525079557509,0,NaN,20270011,EB
EntryOnly,0.232138134280425,0.464276268560849,0,NaN,20270011,EB
NoBlock,0.232138134280425,0.464276268560849,0,NaN,20270011,EB
NoSlice,0.909257919629688,0.845553822152886,0.97296201710649,NaN,20270011,EB
FullHCL,0.989327811404906,0.978655622809812,NaN,1,20270011,ES
Flat,0.247303171791982,0.494606343583964,NaN,0,20270011,ES
EntryOnly,0.247303171791982,0.494606343583964,NaN,0,20270011,ES
NoBlock,0.989327811404906,0.978655622809812,NaN,1,20270011,ES
NoSlice,0.489327811404906,0.978655622809812,NaN,0,20270011,ES
FullHCL,0.991702771192676,NaN,0.983405542385351,1,20270011,BS
Flat,0,NaN,0,0,20270011,BS
EntryOnly,0,NaN,0,0,20270011,BS
NoBlock,0.5,NaN,0,1,20270011,BS
NoSlice,0.327311313054361,NaN,0.654622626108723,0,20270011,BS
FullHCL,0.979665264922209,0.958410129016748,0.980585665749879,1,20270011,EBS
Flat,0.110547338875094,0.331642016625283,0,0,20270011,EBS
EntryOnly,0.110526457810518,0.331579373431555,0,0,20270011,EBS
NoBlock,0.498687981914335,0.496063945743006,0,1,20270011,EBS
NoSlice,0.537813643279368,0.958410129016748,0.655030800821355,0,20270011,EBS
FullHCL,0.944978372655188,0.912334197286172,0.977622548024205,NaN,20270012,EB
Flat,0.242491218376288,0.484982436752575,0,NaN,20270012,EB
EntryOnly,0.242223536369012,0.484447072738025,0,NaN,20270012,EB
NoBlock,0.242223536369012,0.484447072738025,0,NaN,20270012,EB
NoSlice,0.944978372655188,0.912334197286172,0.977622548024205,NaN,20270012,EB
FullHCL,0.988433102790365,0.97686620558073,NaN,1,20270012,ES
Flat,0.247074435999517,0.494148871999035,NaN,0,20270012,ES
EntryOnly,0.247074435999517,0.494148871999035,NaN,0,20270012,ES
NoBlock,0.988433102790365,0.97686620558073,NaN,1,20270012,ES
NoSlice,0.488433102790365,0.97686620558073,NaN,0,20270012,ES
FullHCL,0.991469409674888,NaN,0.982938819349775,1,20270012,BS
Flat,0,NaN,0,0,20270012,BS
EntryOnly,0,NaN,0,0,20270012,BS
NoBlock,0.5,NaN,0,1,20270012,BS
NoSlice,0.32598986162488,NaN,0.65197972324976,0,20270012,BS
FullHCL,0.977589579535101,0.953035143769968,0.979733594835336,1,20270012,EBS
Flat,0.110771560699895,0.332314682099684,0,0,20270012,EBS
EntryOnly,0.110768565092758,0.332305695278274,0,0,20270012,EBS
NoBlock,0.499230457675172,0.497691373025516,0,1,20270012,EBS
NoSlice,0.535094916446979,0.953035143769968,0.65224960557097,0,20270012,EBS
FullHCL,0.955995572430416,0.930820536683729,0.981170608177102,NaN,20270013,EB
Flat,0.245200941852576,0.490401883705152,0,NaN,20270013,EB
EntryOnly,0.244927247358979,0.489854494717959,0,NaN,20270013,EB
NoBlock,0.244927247358979,0.489854494717959,0,NaN,20270013,EB
NoSlice,0.955995572430416,0.930820536683729,0.981170608177102,NaN,20270013,EB
FullHCL,0.990538922155689,0.981077844311377,NaN,1,20270013,ES
Flat,0.247612138798211,0.495224277596421,NaN,0,20270013,ES
EntryOnly,0.247612138798211,0.495224277596421,NaN,0,20270013,ES
NoBlock,0.990538922155689,0.981077844311377,NaN,1,20270013,ES
NoSlice,0.490538922155689,0.981077844311377,NaN,0,20270013,ES
FullHCL,0.992106450157871,NaN,0.984212900315742,1,20270013,BS
Flat,0,NaN,0,0,20270013,BS
EntryOnly,0,NaN,0,0,20270013,BS
NoBlock,0.5,NaN,0,1,20270013,BS
NoSlice,0.327225630538514,NaN,0.654451261077028,0,20270013,BS
FullHCL,0.980167651204667,0.959711075441413,0.980791878172589,1,20270013,EBS
Flat,0.110735624104463,0.33220687231339,0,0,20270013,EBS
EntryOnly,0.11072365042035,0.332170951261049,0,0,20270013,EBS
NoBlock,0.49912973082372,0.49738919247116,0,1,20270013,EBS
NoSlice,0.538002103394187,0.959711075441413,0.654295234741148,0,20270013,EBS
FullHCL,0.933364175161773,0.888112407999405,0.978615942324142,NaN,20270014,EB
Flat,0.239392168322618,0.478784336645237,0,NaN,20270014,EB
EntryOnly,0.239084753677329,0.478169507354658,0,NaN,20270014,EB
NoBlock,0.239084753677329,0.478169507354658,0,NaN,20270014,EB
NoSlice,0.933364175161773,0.888112407999405,0.978615942324142,NaN,20270014,EB
FullHCL,0.988705058860961,0.977410117721922,NaN,1,20270014,ES
Flat,0.247144006436042,0.494288012872084,NaN,0,20270014,ES
EntryOnly,0.247144006436042,0.494288012872084,NaN,0,20270014,ES
NoBlock,0.988705058860961,0.977410117721922,NaN,1,20270014,ES
NoSlice,0.488705058860961,0.977410117721922,NaN,0,20270014,ES
FullHCL,0.990646889163576,NaN,0.981293778327153,1,20270014,BS
Flat,0,NaN,0,0,20270014,BS
EntryOnly,0,NaN,0,0,20270014,BS
NoBlock,0.5,NaN,0,1,20270014,BS
NoSlice,0.325728978609333,NaN,0.651457957218666,0,20270014,BS
FullHCL,0.97608172869142,0.951186386514341,0.97705879955992,1,20270014,EBS
Flat,0.110747600378532,0.332242801135596,0,0,20270014,EBS
EntryOnly,0.110744606067161,0.332233818201482,0,0,20270014,EBS
NoBlock,0.499176721461927,0.49753016438578,0,1,20270014,EBS
NoSlice,0.534083135834412,0.951186386514341,0.651063020988895,0,20270014,EBS
FullHCL,0.960883665316846,0.941370379091123,0.980396951542568,NaN,20270015,EB
Flat,0.246578641088414,0.493157282176827,0,NaN,20270015,EB
EntryOnly,0.246450060168472,0.492900120336943,0,NaN,20270015,EB
NoBlock,0.246450060168472,0.492900120336943,0,NaN,20270015,EB
NoSlice,0.960883665316846,0.941370379091123,0.980396951542568,NaN,20270015,EB
FullHCL,0.988977317946677,0.977954635893355,NaN,1,20270015,ES
Flat,0.247213616062447,0.494427232124894,NaN,0,20270015,ES
EntryOnly,0.247213616062447,0.494427232124894,NaN,0,20270015,ES
NoBlock,0.988977317946677,0.977954635893355,NaN,1,20270015,ES
NoSlice,0.488977317946677,0.977954635893355,NaN,0,20270015,ES
FullHCL,0.991774820203356,NaN,0.983549640406712,1,20270015,BS
Flat,0,NaN,0,0,20270015,BS
EntryOnly,0,NaN,0,0,20270015,BS
NoBlock,0.5,NaN,0,1,20270015,BS
NoSlice,0.326133435666904,NaN,0.652266871333808,0,20270015,BS
FullHCL,0.979667583324426,0.958928284935023,0.980074465038255,1,20270015,EBS
Flat,0.111008726760258,0.333026180280774,0,0,20270015,EBS
EntryOnly,0.110993686150178,0.332981058450532,0,0,20270015,EBS
NoBlock,0.499735933373959,0.499207800121877,0,1,20270015,EBS
NoSlice,0.537036828095678,0.958928284935023,0.652182199352011,0,20270015,EBS
FullHCL,0.959433822113202,0.940443322552654,0.97842432167375,NaN,20270016,EB
Flat,0.247392792430038,0.494785584860077,0,NaN,20270016,EB
EntryOnly,0.247253410600024,0.494506821200048,0,NaN,20270016,EB
NoBlock,0.247253410600024,0.494506821200048,0,NaN,20270016,EB
NoSlice,0.959433822113202,0.940443322552654,0.97842432167375,NaN,20270016,EB
FullHCL,0.99073482428115,0.9814696485623,NaN,1,20270016,ES
Flat,0.247662044501774,0.495324089003547,NaN,0,20270016,ES
EntryOnly,0.247662044501774,0.495324089003547,NaN,0,20270016,ES
NoBlock,0.99073482428115,0.9814696485623,NaN,1,20270016,ES
NoSlice,0.49073482428115,0.9814696485623,NaN,0,20270016,ES
FullHCL,0.990923343510191,NaN,0.981846687020381,1,20270016,BS
Flat,0,NaN,0,0,20270016,BS
EntryOnly,0,NaN,0,0,20270016,BS
NoBlock,0.5,NaN,0,1,20270016,BS
NoSlice,0.325767946120572,NaN,0.651535892241143,0,20270016,BS
FullHCL,0.977415044175061,0.954556345339829,0.977688787185355,1,20270016,EBS
Flat,0.110882512181917,0.33264753654575,0,0,20270016,EBS
EntryOnly,0.110867505751793,0.33260251725538,0,0,20270016,EBS
NoBlock,0.499452488137243,0.498357464411729,0,1,20270016,EBS
NoSlice,0.535142285588431,0.954556345339829,0.650870511425462,0,20270016,EBS
FullHCL,0.866415818603608,0.808278716798896,0.92455292040832,NaN,20270017,EB
Flat,0.219350232059979,0.438700464119957,0,NaN,20270017,EB
EntryOnly,0.217741078073502,0.435482156147004,0,NaN,20270017,EB
NoBlock,0.217741078073502,0.435482156147004,0,NaN,20270017,EB
NoSlice,0.866415818603608,0.808278716798896,0.92455292040832,NaN,20270017,EB
FullHCL,0.989991227370604,0.979982454741207,NaN,1,20270017,ES
Flat,0.247472509767592,0.494945019535183,NaN,0,20270017,ES
EntryOnly,0.247472509767592,0.494945019535183,NaN,0,20270017,ES
NoBlock,0.989991227370604,0.979982454741207,NaN,1,20270017,ES
NoSlice,0.489991227370604,0.979982454741207,NaN,0,20270017,ES
FullHCL,0.99185468762727,NaN,0.983709375254541,1,20270017,BS
Flat,0,NaN,0,0,20270017,BS
EntryOnly,0,NaN,0,0,20270017,BS
NoBlock,0.5,NaN,0,1,20270017,BS
NoSlice,0.327805222300635,NaN,0.65561044460127,0,20270017,BS
FullHCL,0.979030835614327,0.95718287314926,0.979909633693723,1,20270017,EBS
Flat,0.110428124663,0.331284373989,0,0,20270017,EBS
EntryOnly,0.11041919396145,0.331257581884351,0,0,20270017,EBS
NoBlock,0.498448018704398,0.495344056113194,0,1,20270017,EBS
NoSlice,0.537441221678732,0.95718287314926,0.655140791886935,0,20270017,EBS
FullHCL,0.942070419301208,0.905331717661315,0.978809120941101,NaN,20270018,EB
Flat,0.240497905820644,0.480995811641289,0,NaN,20270018,EB
EntryOnly,0.240131321816618,0.480262643633237,0,NaN,20270018,EB
NoBlock,0.240131321816618,0.480262643633237,0,NaN,20270018,EB
NoSlice,0.942070419301208,0.905331717661315,0.978809120941101,NaN,20270018,EB
FullHCL,0.988899498687037,0.977798997374075,NaN,1,20270018,ES
Flat,0.247193723596862,0.494387447193724,NaN,0,20270018,ES
EntryOnly,0.247193723596862,0.494387447193724,NaN,0,20270018,ES
NoBlock,0.988899498687037,0.977798997374075,NaN,1,20270018,ES
NoSlice,0.488899498687037,0.977798997374075,NaN,0,20270018,ES
FullHCL,0.991799909572938,NaN,0.983599819145875,1,20270018,BS
Flat,0,NaN,0,0,20270018,BS
EntryOnly,0,NaN,0,0,20270018,BS
NoBlock,0.5,NaN,0,1,20270018,BS
NoSlice,0.326760794166644,NaN,0.653521588333288,0,20270018,BS
FullHCL,0.979390846455317,0.957949539447337,0.980222999918613,1,20270018,EBS
Flat,0.110762574364521,0.332287723093564,0,0,20270018,EBS
EntryOnly,0.110753589487062,0.332260768461185,0,0,20270018,EBS
NoBlock,0.499196868461902,0.497590605385706,0,1,20270018,EBS
NoSlice,0.537137937199173,0.957949539447337,0.653464272150182,0,20270018,EBS
FullHCL,0.963099028146483,0.944605955841911,0.981592100451054,NaN,20270019,EB
Flat,0.24635124298316,0.492702485966319,0,NaN,20270019,EB
EntryOnly,0.246193300208367,0.492386600416733,0,NaN,20270019,EB
NoBlock,0.246193300208367,0.492386600416733,0,NaN,20270019,EB
NoSlice,0.963099028146483,0.944605955841911,0.981592100451054,NaN,20270019,EB
FullHCL,0.990304045966004,0.980608091932009,NaN,1,20270019,ES
Flat,0.247552278496313,0.495104556992627,NaN,0,20270019,ES
EntryOnly,0.247552278496313,0.495104556992627,NaN,0,20270019,ES
NoBlock,0.990304045966004,0.980608091932009,NaN,1,20270019,ES
NoSlice,0.490304045966004,0.980608091932009,NaN,0,20270019,ES
FullHCL,0.990704015865146,NaN,0.981408031730293,1,20270019,BS
Flat,0,NaN,0,0,20270019,BS
EntryOnly,0,NaN,0,0,20270019,BS
NoBlock,0.5,NaN,0,1,20270019,BS
NoSlice,0.325468595856626,NaN,0.650937191713252,0,20270019,BS
FullHCL,0.978526914426593,0.956681585677749,0.978899157602028,1,20270019,EBS
Flat,0.110918544194107,0.332755632582322,0,0,20270019,EBS
EntryOnly,0.110912537232602,0.332737611697807,0,0,20270019,EBS
NoBlock,0.499553607661716,0.498660822985147,0,1,20270019,EBS
NoSlice,0.536065853981564,0.956681585677749,0.651515976266942,0,20270019,EBS
FullHCL,0.947245141453931,0.916788321167883,0.977701961739978,NaN,20270020,EB
Flat,0.243346007604563,0.486692015209125,0,NaN,20270020,EB
EntryOnly,0.24307643614496,0.486152872289919,0,NaN,20270020,EB
NoBlock,0.24307643614496,0.486152872289919,0,NaN,20270020,EB
NoSlice,0.947245141453931,0.916788321167883,0.977701961739978,NaN,20270020,EB
FullHCL,0.988433102790365,0.97686620558073,NaN,1,20270020,ES
Flat,0.247074435999517,0.494148871999035,NaN,0,20270020,ES
EntryOnly,0.247074435999517,0.494148871999035,NaN,0,20270020,ES
NoBlock,0.988433102790365,0.97686620558073,NaN,1,20270020,ES
NoSlice,0.488433102790365,0.97686620558073,NaN,0,20270020,ES
FullHCL,0.99174167974234,NaN,0.983483359484681,1,20270020,BS
Flat,0,NaN,0,0,20270020,BS
EntryOnly,0,NaN,0,0,20270020,BS
NoBlock,0.5,NaN,0,1,20270020,BS
NoSlice,0.326220347340163,NaN,0.652440694680327,0,20270020,BS
FullHCL,0.979297874412437,0.95780286652254,0.98009075671477,1,20270020,EBS
Flat,0.110921547918867,0.332764643756601,0,0,20270020,EBS
EntryOnly,0.110900525261277,0.332701575783831,0,0,20270020,EBS
NoBlock,0.499526630420082,0.498579891260245,0,1,20270020,EBS
NoSlice,0.536724786541464,0.95780286652254,0.652371493101853,0,20270020,EBS
FullHCL,0.960883530203035,0.940861485156312,0.980905575249758,NaN,20270021,EB
Flat,0.245318426831703,0.490636853663406,0,NaN,20270021,EB
EntryOnly,0.245142241551291,0.490284483102581,0,NaN,20270021,EB
NoBlock,0.245142241551291,0.490284483102581,0,NaN,20270021,EB
NoSlice,0.960883530203035,0.940861485156312,0.980905575249758,NaN,20270021,EB
FullHCL,0.989874023281773,0.979748046563547,NaN,1,20270021,ES
Flat,0.247442609746275,0.494885219492549,NaN,0,20270021,ES
EntryOnly,0.247442609746275,0.494885219492549,NaN,0,20270021,ES
NoBlock,0.989874023281773,0.979748046563547,NaN,1,20270021,ES
NoSlice,0.489874023281773,0.979748046563547,NaN,0,20270021,ES
FullHCL,0.991334913757868,NaN,0.982669827515736,1,20270021,BS
Flat,0,NaN,0,0,20270021,BS
EntryOnly,0,NaN,0,0,20270021,BS
NoBlock,0.5,NaN,0,1,20270021,BS
NoSlice,0.327066441747837,NaN,0.654132883495674,0,20270021,BS
FullHCL,0.979262353403434,0.957893051552994,0.979894008657308,1,20270021,EBS
Flat,0.11054435538283,0.33163306614849,0,0,20270021,EBS
EntryOnly,0.110538388881393,0.331615166644178,0,0,20270021,EBS
NoBlock,0.498714687554676,0.496144062664029,0,1,20270021,EBS
NoSlice,0.537472623727238,0.957893051552994,0.654524819628719,0,20270021,EBS
FullHCL,0.955925849955019,0.933792455783378,0.97805924412666,NaN,20270022,EB
Flat,0.246499498495486,0.492998996990973,0,NaN,20270022,EB
EntryOnly,0.24634136562287,0.49268273124574,0,NaN,20270022,EB
NoBlock,0.24634136562287,0.49268273124574,0,NaN,20270022,EB
NoSlice,0.955925849955019,0.933792455783378,0.97805924412666,NaN,20270022,EB
FullHCL,0.988860598345003,0.977721196690006,NaN,1,20270022,ES
Flat,0.247183778564532,0.494367557129063,NaN,0,20270022,ES
EntryOnly,0.247183778564532,0.494367557129063,NaN,0,20270022,ES
NoBlock,0.988860598345003,0.977721196690006,NaN,1,20270022,ES
NoSlice,0.488860598345003,0.977721196690006,NaN,0,20270022,ES
FullHCL,0.991624721511676,NaN,0.983249443023352,1,20270022,BS
Flat,0,NaN,0,0,20270022,BS
EntryOnly,0,NaN,0,0,20270022,BS
NoBlock,0.5,NaN,0,1,20270022,BS
NoSlice,0.326233368011827,NaN,0.652466736023654,0,20270022,BS
FullHCL,0.979259566687546,0.957938673944453,0.979840026118185,1,20270022,EBS
Flat,0.110918544194107,0.332755632582322,0,0,20270022,EBS
EntryOnly,0.110912537232602,0.332737611697807,0,0,20270022,EBS
NoBlock,0.499553607661716,0.498660822985147,0,1,20270022,EBS
NoSlice,0.536842064323443,0.957938673944453,0.652587519025875,0,20270022,EBS
FullHCL,0.957887328627194,0.937118723603942,0.978655933650445,NaN,20270023,EB
Flat,0.245996156310058,0.491992312620115,0,NaN,20270023,EB
EntryOnly,0.245809161832366,0.491618323664733,0,NaN,20270023,EB
NoBlock,0.245809161832366,0.491618323664733,0,NaN,20270023,EB
NoSlice,0.957887328627194,0.937118723603942,0.978655933650445,NaN,20270023,EB
FullHCL,0.988394276629571,0.976788553259141,NaN,1,20270023,ES
Flat,0.247064500562972,0.494129001125945,NaN,0,20270023,ES
EntryOnly,0.247064500562972,0.494129001125945,NaN,0,20270023,ES
NoBlock,0.988394276629571,0.976788553259141,NaN,1,20270023,ES
NoSlice,0.488394276629571,0.976788553259141,NaN,0,20270023,ES
FullHCL,0.991562909567497,NaN,0.983125819134993,1,20270023,BS
Flat,0,NaN,0,0,20270023,BS
EntryOnly,0,NaN,0,0,20270023,BS
NoBlock,0.5,NaN,0,1,20270023,BS
NoSlice,0.32699433304272,NaN,0.65398866608544,0,20270023,BS
FullHCL,0.978260251194306,0.955719557195572,0.979061196387348,1,20270023,EBS
Flat,0.110621978556189,0.331865935668566,0,0,20270023,EBS
EntryOnly,0.110604055842087,0.33181216752626,0,0,20270023,EBS
NoBlock,0.498861722906985,0.496585168720954,0,1,20270023,EBS
NoSlice,0.536480646723231,0.955719557195572,0.65372238297412,0,20270023,EBS
FullHCL,0.957283233032709,0.936250294048459,0.978316172016959,NaN,20270024,EB
Flat,0.245377211549982,0.490754423099964,0,NaN,20270024,EB
EntryOnly,0.245191156516881,0.490382313033762,0,NaN,20270024,EB
NoBlock,0.245191156516881,0.490382313033762,0,NaN,20270024,EB
NoSlice,0.957283233032709,0.936250294048459,0.978316172016959,NaN,20270024,EB
FullHCL,0.99014758675708,0.98029517351416,NaN,1,20270024,ES
Flat,0.247512387704951,0.495024775409902,NaN,0,20270024,ES
EntryOnly,0.247512387704951,0.495024775409902,NaN,0,20270024,ES
NoBlock,0.99014758675708,0.98029517351416,NaN,1,20270024,ES
NoSlice,0.49014758675708,0.98029517351416,NaN,0,20270024,ES
FullHCL,0.991347062934188,NaN,0.982694125868377,1,20270024,BS
Flat,0,NaN,0,0,20270024,BS
EntryOnly,0,NaN,0,0,20270024,BS
NoBlock,0.5,NaN,0,1,20270024,BS
NoSlice,0.326450908097774,NaN,0.652901816195548,0,20270024,BS
FullHCL,0.979190112722567,0.95801007758138,0.979560260586319,1,20270024,EBS
Flat,0.11077755240027,0.332332657200811,0,0,20270024,EBS
EntryOnly,0.110765569647638,0.332296708942914,0,0,20270024,EBS
NoBlock,0.499223738744212,0.497671216232635,0,1,20270024,EBS
NoSlice,0.536969490327098,0.95801007758138,0.652898393399913,0,20270024,EBS
FullHCL,0.949900356897901,0.921324095458045,0.978476618337758,NaN,20270025,EB
Flat,0.244430299172502,0.488860598345003,0,NaN,20270025,EB
EntryOnly,0.244245676803816,0.488491353607633,0,NaN,20270025,EB
NoBlock,0.244245676803816,0.488491353607633,0,NaN,20270025,EB
NoSlice,0.949900356897901,0.921324095458045,0.978476618337758,NaN,20270025,EB
FullHCL,0.987928843710292,0.975857687420585,NaN,1,20270025,ES
Flat,0.246945337620579,0.493890675241158,NaN,0,20270025,ES
EntryOnly,0.246945337620579,0.493890675241158,NaN,0,20270025,ES
NoBlock,0.987928843710292,0.975857687420585,NaN,1,20270025,ES
NoSlice,0.487928843710292,0.975857687420585,NaN,0,20270025,ES
FullHCL,0.99244193191594,NaN,0.984883863831879,1,20270025,BS
Flat,0,NaN,0,0,20270025,BS
EntryOnly,0,NaN,0,0,20270025,BS
NoBlock,0.5,NaN,0,1,20270025,BS
NoSlice,0.327556609171912,NaN,0.655113218343824,0,20270025,BS
FullHCL,0.979459448247651,0.958002087850317,0.980376256892637,1,20270025,EBS
Flat,0.11067279113753,0.332018373412591,0,0,20270025,EBS
EntryOnly,0.110651862657698,0.331955587973093,0,0,20270025,EBS
NoBlock,0.498968822030814,0.496906466092442,0,1,20270025,EBS
NoSlice,0.537454834652567,0.958002087850317,0.654362416107383,0,20270025,EBS
FullHCL,0.959367795677371,0.939044481054366,0.979691110300377,NaN,20270026,EB
Flat,0.24582883207298,0.491657664145961,0,NaN,20270026,EB
EntryOnly,0.245642091795938,0.491284183591876,0,NaN,20270026,EB
NoBlock,0.245642091795938,0.491284183591876,0,NaN,20270026,EB
NoSlice,0.959367795677371,0.939044481054366,0.979691110300377,NaN,20270026,EB
FullHCL,0.989522747191459,0.979045494382918,NaN,1,20270026,ES
Flat,0.247352953017432,0.494705906034865,NaN,0,20270026,ES
EntryOnly,0.247352953017432,0.494705906034865,NaN,0,20270026,ES
NoBlock,0.989522747191459,0.979045494382918,NaN,1,20270026,ES
NoSlice,0.489522747191459,0.979045494382918,NaN,0,20270026,ES
FullHCL,0.992019203151286,NaN,0.984038406302573,1,20270026,BS
Flat,0,NaN,0,0,20270026,BS
EntryOnly,0,NaN,0,0,20270026,BS
NoBlock,0.5,NaN,0,1,20270026,BS
NoSlice,0.327095665457323,NaN,0.654191330914646,0,20270026,BS
FullHCL,0.980201684468996,0.959801409352979,0.98080364405401,1,20270026,EBS
Flat,0.110747600378532,0.332242801135596,0,0,20270026,EBS
EntryOnly,0.11073861793014,0.332215853790419,0,0,20270026,EBS
NoBlock,0.499163292847503,0.49748987854251,0,1,20270026,EBS
NoSlice,0.537925631587848,0.959801409352979,0.653975485410565,0,20270026,EBS
FullHCL,0.959710343709498,0.93875313283208,0.980667554586915,NaN,20270027,EB
Flat,0.245103123628675,0.49020624725735,0,NaN,20270027,EB
EntryOnly,0.244927247358979,0.489854494717959,0,NaN,20270027,EB
NoBlock,0.244927247358979,0.489854494717959,0,NaN,20270027,EB
NoSlice,0.959710343709498,0.93875313283208,0.980667554586915,NaN,20270027,EB
FullHCL,0.988742143368605,0.977484286737211,NaN,1,20270027,ES
Flat,0.247163890900314,0.494327781800628,NaN,0,20270027,ES
EntryOnly,0.247163890900314,0.494327781800628,NaN,0,20270027,ES
NoBlock,0.988782816229117,0.977565632458234,NaN,1,20270027,ES
NoSlice,0.488742143368605,0.977484286737211,NaN,0,20270027,ES
FullHCL,0.991631885615108,NaN,0.983263771230216,1,20270027,BS
Flat,0,NaN,0,0,20270027,BS
EntryOnly,0,NaN,0,0,20270027,BS
NoBlock,0.5,NaN,0,1,20270027,BS
NoSlice,0.326061336914517,NaN,0.652122673829035,0,20270027,BS
FullHCL,0.97958984583423,0.95821682511784,0.980552712384852,1,20270027,EBS
Flat,0.110924551806315,0.332773655418946,0,0,20270027,EBS
EntryOnly,0.110912537232602,0.332737611697807,0,0,20270027,EBS
NoBlock,0.499553607661716,0.498660822985147,0,1,20270027,EBS
NoSlice,0.536858100223819,0.95821682511784,0.652357475553619,0,20270027,EBS
FullHCL,0.921134281880026,0.862671750233796,0.979596813526256,NaN,20270028,EB
Flat,0.234898302492736,0.469796604985472,0,NaN,20270028,EB
EntryOnly,0.234638151613519,0.469276303227038,0,NaN,20270028,EB
NoBlock,0.234638151613519,0.469276303227038,0,NaN,20270028,EB
NoSlice,0.921134281880026,0.862671750233796,0.979596813526256,NaN,20270028,EB
FullHCL,0.989913085080935,0.979826170161869,NaN,1,20270028,ES
Flat,0.247452575617222,0.494905151234444,NaN,0,20270028,ES
EntryOnly,0.247452575617222,0.494905151234444,NaN,0,20270028,ES
NoBlock,0.989913085080935,0.979826170161869,NaN,1,20270028,ES
NoSlice,0.489913085080935,0.979826170161869,NaN,0,20270028,ES
FullHCL,0.991147703355206,NaN,0.982295406710412,1,20270028,BS
Flat,0,NaN,0,0,20270028,BS
EntryOnly,0,NaN,0,0,20270028,BS
NoBlock,0.5,NaN,0,1,20270028,BS
NoSlice,0.32588515567239,NaN,0.651770311344779,0,20270028,BS
FullHCL,0.97926285937787,0.958176729308277,0.979611848825332,1,20270028,EBS
Flat,0.110903528010181,0.332710584030542,0,0,20270028,EBS
EntryOnly,0.110882512181917,0.33264753654575,0,0,20270028,EBS
NoBlock,0.49948618097247,0.49845854291741,0,1,20270028,EBS
NoSlice,0.536784730114156,0.958176729308277,0.652177461034192,0,20270028,EBS
FullHCL,0.959003717145914,0.937876064702665,0.980131369589164,NaN,20270029,EB
Flat,0.246232766912472,0.492465533824944,0,NaN,20270029,EB
EntryOnly,0.246035559827006,0.492071119654013,0,NaN,20270029,EB
NoBlock,0.246035559827006,0.492071119654013,0,NaN,20270029,EB
NoSlice,0.959003717145914,0.937876064702665,0.980131369589164,NaN,20270029,EB
FullHCL,0.988351753200286,0.976703506400572,NaN,1,20270029,ES
Flat,0.247074435999517,0.494148871999035,NaN,0,20270029,ES
EntryOnly,0.247074435999517,0.494148871999035,NaN,0,20270029,ES
NoBlock,0.988433102790365,0.97686620558073,NaN,1,20270029,ES
NoSlice,0.488351753200286,0.976703506400572,NaN,0,20270029,ES
FullHCL,0.991729385493342,NaN,0.983458770986684,1,20270029,BS
Flat,0,NaN,0,0,20270029,BS
EntryOnly,0,NaN,0,0,20270029,BS
NoBlock,0.5,NaN,0,1,20270029,BS
NoSlice,0.326048807238826,NaN,0.652097614477653,0,20270029,BS
FullHCL,0.980460089931669,0.960506288552431,0.980873981242577,1,20270029,EBS
Flat,0.111014744145707,0.333044232437121,0,0,20270029,EBS
EntryOnly,0.1110027100271,0.333008130081301,0,0,20270029,EBS
NoBlock,0.499756216479766,0.499268649439298,0,1,20270029,EBS
NoSlice,0.537668649333124,0.960506288552431,0.652499659446942,0,20270029,EBS
FullHCL,0.959391488454214,0.937842492563019,0.980940484345408,NaN,20270030,EB
Flat,0.24468339307049,0.48936678614098,0,NaN,20270030,EB
EntryOnly,0.244478930404679,0.488957860809359,0,NaN,20270030,EB
NoBlock,0.244478930404679,0.488957860809359,0,NaN,20270030,EB
NoSlice,0.959391488454214,0.937842492563019,0.980940484345408,NaN,20270030,EB
FullHCL,0.989909866794289,0.979819733588578,NaN,1,20270030,ES
Flat,0.247472509767592,0.494945019535183,NaN,0,20270030,ES
EntryOnly,0.247472509767592,0.494945019535183,NaN,0,20270030,ES
NoBlock,0.989991227370604,0.979982454741207,NaN,1,20270030,ES
NoSlice,0.489909866794289,0.979819733588578,NaN,0,20270030,ES
FullHCL,0.991959695661115,NaN,0.983919391322229,1,20270030,BS
Flat,0,NaN,0,0,20270030,BS
EntryOnly,0,NaN,0,0,20270030,BS
NoBlock,0.5,NaN,0,1,20270030,BS
NoSlice,0.326803813895036,NaN,0.653607627790072,0,20270030,BS
FullHCL,0.978641085181557,0.956836267181095,0.979086988363577,1,20270030,EBS
Flat,0.110843503910373,0.332530511731118,0,0,20270030,EBS
EntryOnly,0.110837505073738,0.332512515221215,0,0,20270030,EBS
NoBlock,0.499385143444008,0.498155430332023,0,1,20270030,EBS
NoSlice,0.536526210473049,0.956836267181095,0.652742364238051,0,20270030,EBS
