Scenario,Seed,Method,DetectionF1,GranularityMacroF1,CleanFPR,PrecisionEntry,RecallEntry,F1Entry,PrecisionBlock,RecallBlock,F1Block,PrecisionSlice,RecallSlice,F1Slice
BS,20270001,DirectFlat,0.997660724368799,0,0.00118193674600587,0,NaN,0,0,0,0,NaN,0,0
BS,20270001,CalibratedFlat,0.997660724368799,0.999718988358089,0.00118193674600587,0,NaN,0,0.998876584817846,1,0.999437976716178,1,1,1
BS,20270001,FullHCL,0.997660724368799,0.991587029322878,0.00118193674600587,0,NaN,0,0.999916929722545,0.96698264781491,0.983174058645757,1,1,1
EB,20270001,DirectFlat,0.990901527147803,0.246509388541165,0.00324650450105344,0.327156549520767,1,0.49301877708233,0,0,0,NaN,NaN,NaN
EB,20270001,CalibratedFlat,0.990901527147803,0.971867478286639,0.00324650450105344,0.950201450443191,0.959635416666667,0.954895133209167,0.977925996506273,1,0.988839823364111,NaN,NaN,NaN
EB,20270001,FullHCL,0.990901527147803,0.958952788283987,0.00324650450105344,0.903041252634749,0.976236979166667,0.938213671202878,0.986098544048696,0.973367976615784,0.979691905365096,NaN,NaN,NaN
EBS,20270001,DirectFlat,0.999385093368717,0.1105413720516,0.00041304347826087,0.1987706243934,1,0.331624116154801,0,0,0,NaN,0,0
EBS,20270001,CalibratedFlat,0.999385093368717,0.987244716676479,0.00041304347826087,0.995578231292517,0.952799479166667,0.973719228210246,0.976313725490196,1,0.988014921819192,1,1,1
EBS,20270001,FullHCL,0.999385093368717,0.978798044780464,0.00041304347826087,0.941574803149606,0.97314453125,0.957099407715704,0.98599348534202,0.972686375321337,0.979294726625688,1,1,1
ES,20270001,DirectFlat,0.992729035385361,0.247283264911857,0.00258501838235294,0.328521013795316,1,0.494566529823714,NaN,NaN,NaN,NaN,0,0
ES,20270001,CalibratedFlat,0.992729035385361,0.989127837514934,0.00258501838235294,0.957884885353299,0.99951171875,0.978255675029869,0,NaN,0,1,1,1
ES,20270001,FullHCL,0.992729035385361,0.989249880554228,0.00258501838235294,0.957904583723106,1,0.978499761108457,NaN,NaN,NaN,1,1,1
BS,20270002,DirectFlat,0.997810396561512,0,0.00109899055682188,0,NaN,0,NaN,0,0,NaN,0,0
BS,20270002,CalibratedFlat,0.997810396561512,0.999817436812853,0.00109899055682188,0,NaN,0,0.999270013788628,1,0.999634873625705,1,1,1
BS,20270002,FullHCL,0.997810396561512,0.990698635799917,0.00109899055682188,0,NaN,0,1,0.963474025974026,0.981397271599835,1,1,1
EB,20270002,DirectFlat,0.988053744845018,0.244371967226155,0.00430439450878135,0.323402463417202,1,0.488743934452311,0,0,0,NaN,NaN,NaN
EB,20270002,CalibratedFlat,0.988053744845018,0.968842166846202,0.00430439450878135,0.936015204307887,0.9619140625,0.948787927436186,0.978036684247815,1,0.988896406256218,NaN,NaN,NaN
EB,20270002,FullHCL,0.988053744845018,0.955587484076314,0.00430439450878135,0.890706319702602,0.974934895833333,0.930919263346025,0.985519036771884,0.975048293625241,0.980255704806603,NaN,NaN,NaN
EBS,20270002,DirectFlat,0.999415014624634,0.110918544194107,0.000390760680791942,0.1995841995842,1,0.332755632582322,0,0,0,NaN,0,0
EBS,20270002,CalibratedFlat,0.999415014624634,0.987494407765827,0.000390760680791942,0.994739521466146,0.9541015625,0.973996843067209,0.977234869516935,1,0.988486380230272,1,1,1
EBS,20270002,FullHCL,0.999415014624634,0.978318972630754,0.000390760680791942,0.938833124215809,0.974283854166667,0.956230031948882,0.986638073243154,0.970941558441558,0.978726885943381,1,1,1
ES,20270002,DirectFlat,0.992996444348669,0.247382831373812,0.00248927696078431,0.328696768671089,1,0.494765662747624,NaN,NaN,NaN,NaN,0,0
ES,20270002,CalibratedFlat,0.992996444348669,0.989558424996015,0.00248927696078431,0.959387691346454,0.999674479166667,0.979116849992029,0,NaN,0,1,1,1
ES,20270002,FullHCL,0.992996444348669,0.989639783232388,0.00248927696078431,0.959400374765771,1,0.979279566464775,NaN,NaN,NaN,1,1,1
BS,20270003,DirectFlat,0.997934135374894,0,0.00103823134237205,0,NaN,0,0,0,0,NaN,0,0
BS,20270003,CalibratedFlat,0.997934135374894,0.999817850637523,0.00103823134237205,0,NaN,0,0.999271667880554,1,0.999635701275046,1,1,1
BS,20270003,FullHCL,0.997934135374894,0.992479039947394,0.00103823134237205,0,NaN,0,0.99991655540721,0.970440557175251,0.984958079894789,1,1,1
EB,20270003,DirectFlat,0.991879537510083,0.247054565925449,0.00289172316059596,0.328117489986649,1,0.494109131850899,0,0,0,NaN,NaN,NaN
EB,20270003,CalibratedFlat,0.991879537510083,0.975113739316376,0.00289172316059596,0.959604153147307,0.962727864583333,0.961163470913227,0.97836461979001,1,0.989064007719524,0,NaN,0
EB,20270003,FullHCL,0.991879537510083,0.95888432168829,0.00289172316059596,0.905791622561621,0.974934895833333,0.939092263071255,0.985411687134262,0.972032520325203,0.978676380305325,NaN,NaN,NaN
EBS,20270003,DirectFlat,0.999480452006754,0.110843503910373,0.000347448425624321,0.199422246746081,1,0.332530511731118,0,0,0,NaN,0,0
EBS,20270003,CalibratedFlat,0.999480452006754,0.988483772919041,0.000347448425624321,0.995431472081218,0.95751953125,0.976107516177203,0.978912319644839,1,0.989343802579921,1,1,1
EBS,20270003,FullHCL,0.999480452006754,0.980417084595657,0.000347448425624321,0.948555096856145,0.972330729166667,0.960295772383861,0.985849828234909,0.976109491415614,0.980955481403109,1,1,1
ES,20270003,DirectFlat,0.993692382338671,0.24764207980653,0.00224034926470588,0.329154612664738,1,0.495284159613059,NaN,NaN,NaN,NaN,0,0
ES,20270003,CalibratedFlat,0.993692382338671,0.990493689087714,0.00224034926470588,0.963288358958268,0.999348958333333,0.980987378175427,0,NaN,0,1,1,1
ES,20270003,FullHCL,0.993692382338671,0.990656444657403,0.00224034926470588,0.963311382878645,1,0.981312889314806,NaN,NaN,NaN,1,1,1
BS,20270004,DirectFlat,0.997586353771576,0,0.00121072765749634,0,NaN,0,0,0,0,NaN,0,0
BS,20270004,CalibratedFlat,0.997586353771576,0.999756295694557,0.00121072765749634,0,NaN,0,0.999025657681065,1,0.999512591389115,1,1,1
BS,20270004,FullHCL,0.997586353771576,0.992473295665443,0.00121072765749634,0,NaN,0,0.999832537888303,0.970497399219766,0.984946591330886,1,1,1
EB,20270004,DirectFlat,0.992630050029587,0.247253410600024,0.0026238173669897,0.328468323977546,1,0.494506821200048,0,0,0,NaN,NaN,NaN
EB,20270004,CalibratedFlat,0.992630050029587,0.973495241167303,0.0026238173669897,0.960476890413196,0.957194010416667,0.95883264041738,0.97659287471237,1,0.988157841917225,NaN,NaN,NaN
EB,20270004,FullHCL,0.992630050029587,0.958893736280232,0.0026238173669897,0.908152421436162,0.9736328125,0.939753357945173,0.98484224400692,0.971319467013325,0.97803411461529,NaN,NaN,NaN
EBS,20270004,DirectFlat,0.999284738929709,0.110945583574853,0.00047751345719743,0.199642567018684,1,0.332836750724559,0,0,0,NaN,0,0
EBS,20270004,CalibratedFlat,0.999284738929709,0.986954260180518,0.00047751345719743,0.993550577053632,0.952799479166667,0.972748421402459,0.976507936507937,1,0.988114359139094,1,1,1
EBS,20270004,FullHCL,0.999284738929709,0.979297740239632,0.00047751345719743,0.945890193589337,0.97021484375,0.957898119877872,0.984577522559475,0.975455136540962,0.979995100841022,1,1,1
ES,20270004,DirectFlat,0.992622112122355,0.247243460764588,0.00262331495098039,0.328450764460601,1,0.494486921529175,NaN,NaN,NaN,NaN,0,0
ES,20270004,CalibratedFlat,0.992622112122355,0.988849952214081,0.00262331495098039,0.957267623206488,0.9990234375,0.977699904428162,0,NaN,0,1,1,1
ES,20270004,FullHCL,0.992622112122355,0.989094093297246,0.00262331495098039,0.957307572452477,1,0.978188186594491,NaN,NaN,NaN,1,1,1
BS,20270005,DirectFlat,0.997526057509024,0,0.0012413007203614,0,NaN,0,0,0,0,NaN,0,0
BS,20270005,CalibratedFlat,0.997526057509024,0.999817258883249,0.0012413007203614,0,NaN,0,0.999269302589916,1,0.999634517766497,1,1,1
BS,20270005,FullHCL,0.997526057509024,0.992015679801939,0.0012413007203614,0,NaN,0,0.999748469858305,0.968800779980501,0.984031359603879,1,1,1
EB,20270005,DirectFlat,0.990568319226119,0.246717262980364,0.00336052389705882,0.327522789061251,1,0.493434525960728,0,0,0,NaN,NaN,NaN
EB,20270005,CalibratedFlat,0.990568319226119,0.97300746663007,0.00336052389705882,0.952611218568665,0.9619140625,0.957240038872692,0.977798997374075,1,0.988774894387447,0,NaN,0
EB,20270005,FullHCL,0.990568319226119,0.959593965825646,0.00336052389705882,0.905654671908074,0.974934895833333,0.939018654961593,0.984961788150218,0.975423177083333,0.9801692766897,NaN,NaN,NaN
EBS,20270005,DirectFlat,0.999544774663458,0.11097864961526,0.000303885391795094,0.199713951371733,1,0.332935948845779,0,0,0,NaN,0,0
EBS,20270005,CalibratedFlat,0.999544774663458,0.988025902585449,0.000303885391795094,0.995928062436376,0.955403645833333,0.975245057318491,0.977911965676148,1,0.988832650437857,1,1,1
EBS,20270005,FullHCL,0.999544774663458,0.980453096082827,0.000303885391795094,0.947160259452618,0.974446614583333,0.960609707180104,0.986758779504894,0.974813129671758,0.980749581068378,1,1,1
ES,20270005,DirectFlat,0.991794237133095,0.246935412563804,0.00292011335784314,0.327907349095373,1,0.493870825127607,NaN,NaN,NaN,NaN,0,0
ES,20270005,CalibratedFlat,0.991794237133095,0.987808752283377,0.00292011335784314,0.952691174189546,0.999674479166667,0.975617504566754,0,NaN,0,1,1,1
ES,20270005,FullHCL,0.991794237133095,0.987890097673311,0.00292011335784314,0.952705845867576,1,0.975780195346621,NaN,NaN,NaN,1,1,1
BS,20270006,DirectFlat,0.997631435107395,0,0.00119096091205212,0,NaN,0,0,0,0,NaN,0,0
BS,20270006,CalibratedFlat,0.997631435107395,0.999757242272212,0.00119096091205212,0,NaN,0,0.999029440310579,1,0.999514484544425,1,1,1
BS,20270006,FullHCL,0.997631435107395,0.991981248457932,0.00119096091205212,0,NaN,0,0.999832859769346,0.968588082901554,0.983962496915865,1,1,1
EB,20270006,DirectFlat,0.99130202060752,0.246074975969241,0.00311422000766577,0.326391840203995,1,0.492149951938481,0,0,0,NaN,NaN,NaN
EB,20270006,CalibratedFlat,0.99130202060752,0.974695455571215,0.00311422000766577,0.953836255428663,0.965169270833333,0.959469298600437,0.980044345898004,1,0.989921612541993,NaN,NaN,NaN
EB,20270006,FullHCL,0.99130202060752,0.961225148796729,0.00311422000766577,0.907717867391633,0.978190104166667,0.941637289463376,0.986910994764398,0.974789915966387,0.980813008130081,NaN,NaN,NaN
EBS,20270006,DirectFlat,0.995086630462891,0.110033579583613,0.00330090340514246,0.197677037418358,1,0.33010073875084,0,0,0,NaN,0,0
EBS,20270006,CalibratedFlat,0.995086630462891,0.979323426386398,0.00330090340514246,0.954940193347534,0.948567708333333,0.951743284069568,0.972828227140269,1,0.986226995089624,1,1,1
EBS,20270006,FullHCL,0.995086630462891,0.973271862659333,0.00330090340514246,0.910074683737235,0.971842447916667,0.939944903581267,0.984394149848844,0.975388601036269,0.979870684396731,1,1,1
ES,20270006,DirectFlat,0.992541934789047,0.247213616062447,0.00265203737745098,0.328398097172484,1,0.494427232124894,NaN,NaN,NaN,NaN,0,0
ES,20270006,CalibratedFlat,0.992541934789047,0.988855277822003,0.00265203737745098,0.956840137114366,0.99951171875,0.977710555644006,0,NaN,0,1,1,1
ES,20270006,FullHCL,0.992541934789047,0.988977317946677,0.00265203737745098,0.956860302133624,1,0.977954635893355,NaN,NaN,NaN,1,1,1
BS,20270007,DirectFlat,0.99767031987521,0,0.00117041198501873,0,NaN,0,0,0,0,NaN,0,0
BS,20270007,CalibratedFlat,0.99767031987521,0.999736682195665,0.00117041198501873,0,NaN,0,0.998947283180824,1,0.999473364391331,1,1,1
BS,20270007,FullHCL,0.99767031987521,0.991762089134196,0.00117041198501873,0,NaN,0,0.999748785798024,0.967817769130999,0.983524178268391,1,1,1
EB,20270007,DirectFlat,0.988090458985682,0.245524296675192,0.0042616357019728,0.325423728813559,1,0.491048593350384,0,0,0,NaN,NaN,NaN
EB,20270007,CalibratedFlat,0.988090458985682,0.96771932491795,0.0042616357019728,0.935535090504922,0.958984375,0.947114611798746,0.976917585468391,1,0.988324038037154,NaN,NaN,NaN
EB,20270007,FullHCL,0.988090458985682,0.954281616865818,0.0042616357019728,0.889681831697889,0.973958333333333,0.92991452991453,0.98415305033254,0.973205586229295,0.978648703817106,NaN,NaN,NaN
EBS,20270007,DirectFlat,0.99933416697793,0.110855503531895,0.000445110300503735,0.199448141535465,1,0.332566510595686,0,0,0,NaN,0,0
EBS,20270007,CalibratedFlat,0.99933416697793,0.987987984392752,0.000445110300503735,0.994415298696903,0.956380208333333,0.975026964241268,0.978116079923882,1,0.988936988936989,1,1,1
EBS,20270007,FullHCL,0.99933416697793,0.979473589054757,0.000445110300503735,0.944084662770494,0.972819010416667,0.958236472945892,0.986054142739951,0.974383916990921,0.98018429421838,1,1,1
ES,20270007,DirectFlat,0.992515211889505,0.247203669429468,0.00266161151960784,0.328380545163014,1,0.494407338858936,NaN,NaN,NaN,NaN,0,0
ES,20270007,CalibratedFlat,0.992515211889505,0.988775672663589,0.00266161151960784,0.956684325334995,0.999348958333333,0.977551345327177,0,NaN,0,1,1,1
ES,20270007,FullHCL,0.992515211889505,0.988938405220436,0.00266161151960784,0.956711304889443,1,0.977876810440872,NaN,NaN,NaN,1,1,1
BS,20270008,DirectFlat,0.997801222439634,0,0.00111056771406447,0,NaN,0,0,0,0,NaN,0,0
BS,20270008,CalibratedFlat,0.997801222439634,0.999678766463219,0.00111056771406447,0,NaN,0,0.998715890850722,1,0.999357532926437,1,1,1
BS,20270008,FullHCL,0.997801222439634,0.99073278507426,0.00111056771406447,0,NaN,0,0.999749937484371,0.963837994214079,0.981465570148521,1,1,1
EB,20270008,DirectFlat,0.99070349750939,0.24504447014717,0.00334663035556749,0.324581330234032,1,0.490088940294341,0,0,0,NaN,NaN,NaN
EB,20270008,CalibratedFlat,0.99070349750939,0.971988920288445,0.00334663035556749,0.949332475470484,0.960611979166667,0.954938920799288,0.978315524827153,1,0.989038919777601,NaN,NaN,NaN
EB,20270008,FullHCL,0.99070349750939,0.958151362589871,0.00334663035556749,0.902490566037736,0.97314453125,0.936486803978385,0.985064935064935,0.974622550594282,0.979815921201356,NaN,NaN,NaN
EBS,20270008,DirectFlat,0.999320322361394,0.110535405872193,0.000456501891222121,0.198757763975155,1,0.33160621761658,0,0,0,NaN,0,0
EBS,20270008,CalibratedFlat,0.999320322361394,0.988061848851151,0.000456501891222121,0.994584532069724,0.95654296875,0.975192898033685,0.978224982312711,1,0.98899264851977,1,1,1
EBS,20270008,FullHCL,0.999320322361394,0.978023427863555,0.000456501891222121,0.936532749726434,0.97509765625,0.955426202057252,0.987084116733426,0.970347155255545,0.978644081533412,1,1,1
ES,20270008,DirectFlat,0.992942951031622,0.247362911667606,0.00250842524509804,0.328661602653258,1,0.494725823335212,NaN,NaN,NaN,NaN,0,0
ES,20270008,CalibratedFlat,0.992942951031622,0.989561752988048,0.00250842524509804,0.959100842959725,1,0.979123505976096,NaN,NaN,NaN,1,1,1
ES,20270008,FullHCL,0.992942951031622,0.989561752988048,0.00250842524509804,0.959100842959725,1,0.979123505976096,NaN,NaN,NaN,1,1,1
BS,20270009,DirectFlat,0.997693894890157,0,0.00116065974343311,0,NaN,0,0,0,0,NaN,0,0
BS,20270009,CalibratedFlat,0.997693894890157,0.999777822662088,0.00116065974343311,0,NaN,0,0.999111685375111,1,0.999555645324177,1,1,1
BS,20270009,FullHCL,0.997693894890157,0.991514279843846,0.00116065974343311,0,NaN,0,0.999832817855053,0.966779825412221,0.983028559687693,1,1,1
EB,20270009,DirectFlat,0.989005095199785,0.246025707764386,0.00392569896591344,0.326305167560678,1,0.492051415528771,0,0,0,NaN,NaN,NaN
EB,20270009,CalibratedFlat,0.989005095199785,0.971602502420495,0.00392569896591344,0.941736783616447,0.965494791666667,0.953467813228321,0.979682893793323,1,0.989737191612669,NaN,NaN,NaN
EB,20270009,FullHCL,0.989005095199785,0.956455132640593,0.00392569896591344,0.892316819934737,0.979166666666667,0.933726524910756,0.986785596299967,0.971698113207547,0.979183740370431,NaN,NaN,NaN
EBS,20270009,DirectFlat,0.999367365808555,0.110750594851828,0.00042356314349016,0.199221789883268,1,0.332251784555483,0,0,0,NaN,0,0
EBS,20270009,CalibratedFlat,0.999367365808555,0.988661177212668,0.00042356314349016,0.994597332432889,0.958821614583333,0.976381867904202,0.979417352754908,1,0.989601663733803,1,1,1
EBS,20270009,FullHCL,0.999367365808555,0.97912430100525,0.00042356314349016,0.941629955947137,0.97412109375,0.9576,0.986720222969096,0.972922728742321,0.97977290301575,1,1,1
ES,20270009,DirectFlat,0.992996444348669,0.247382831373812,0.00248927696078431,0.328696768671089,1,0.494765662747624,NaN,NaN,NaN,NaN,0,0
ES,20270009,CalibratedFlat,0.992996444348669,0.98951773614986,0.00248927696078431,0.959381346664584,0.99951171875,0.979035472299721,0,NaN,0,1,1,1
ES,20270009,FullHCL,0.992996444348669,0.989639783232388,0.00248927696078431,0.959400374765771,1,0.979279566464775,NaN,NaN,NaN,1,1,1
BS,20270010,DirectFlat,0.997817476355994,0,0.0010998859377546,0,NaN,0,0,0,0,NaN,0,0
BS,20270010,CalibratedFlat,0.997817476355994,0.999798468359532,0.0010998859377546,0,NaN,0,0.999194198227236,1,0.999596936719065,1,1,1
BS,20270010,FullHCL,0.997817476355994,0.991512219124159,0.0010998859377546,0,NaN,0,0.999916583249917,0.966693548387097,0.983024438248319,1,1,1
EB,20270010,DirectFlat,0.974900576786326,0.240337975277734,0.00913080136435059,0.316374871266735,1,0.480675950555469,0,0,0,NaN,NaN,NaN
EB,20270010,CalibratedFlat,0.974900576786326,0.949639458935374,0.00913080136435059,0.874015748031496,0.95751953125,0.913864077669903,0.971249018067557,1,0.985414840200845,NaN,NaN,NaN
EB,20270010,FullHCL,0.974900576786326,0.93725268874052,0.00913080136435059,0.83251987170548,0.9716796875,0.896733007885843,0.980716029292107,0.974846328049175,0.977772369595198,NaN,NaN,NaN
EBS,20270010,DirectFlat,0.999384136656834,0.110669800870012,0.000412828089692334,0.199047526484595,1,0.332009402610035,0,0,0,NaN,0,0
EBS,20270010,CalibratedFlat,0.999384136656834,0.987548036644956,0.000412828089692334,0.994403934203832,0.954427083333333,0.97400548127232,0.977532518722901,1,0.988638628662547,1,1,1
EBS,20270010,FullHCL,0.999384136656834,0.978966739807228,0.000412828089692334,0.941176470588235,0.973958333333333,0.957286834106543,0.98666557591623,0.972661290322581,0.97961338531514,1,1,1
ES,20270010,DirectFlat,0.992408334679373,0.247163890900314,0.00269990808823529,0.328310355883296,1,0.494327781800628,NaN,NaN,NaN,NaN,0,0
ES,20270010,CalibratedFlat,0.992408334679373,0.988620085946204,0.00269990808823529,0.956088445966988,0.999348958333333,0.977240171892408,0,NaN,0,1,1,1
ES,20270010,FullHCL,0.992408334679373,0.988782816229117,0.00269990808823529,0.956115779645191,1,0.977565632458234,NaN,NaN,NaN,1,1,1
BS,20270011,DirectFlat,0.997397567027779,0,0.00131418092909535,0,NaN,0,0,0,0,NaN,0,0
BS,20270011,CalibratedFlat,0.997397567027779,0.999758803666184,0.00131418092909535,0,NaN,0,0.999035679845709,1,0.999517607332368,1,1,1
BS,20270011,FullHCL,0.997397567027779,0.991702771192676,0.00131418092909535,0,NaN,0,0.999667608442746,0.967664092664093,0.983405542385351,1,1,1
EB,20270011,DirectFlat,0.951639111707204,0.232762539778754,0.0179542668913743,0.303377444203042,1,0.465525079557509,0,0,0,NaN,NaN,NaN
EB,20270011,CalibratedFlat,0.951639111707204,0.919959015077301,0.0179542668913743,0.810001392951665,0.946451822916667,0.87292651805149,0.936092513694461,1,0.966991512103112,NaN,NaN,NaN
EB,20270011,FullHCL,0.951639111707204,0.909257919629688,0.0179542668913743,0.749183211862277,0.970377604166667,0.845553822152886,0.970562070359887,0.975373862158648,0.97296201710649,NaN,NaN,NaN
EBS,20270011,DirectFlat,0.999174476763949,0.110547338875094,0.000554251434533125,0.198783486475993,1,0.331642016625283,0,0,0,NaN,0,0
EBS,20270011,CalibratedFlat,0.999174476763949,0.987069051416408,0.000554251434533125,0.993050847457627,0.95361328125,0.972932580538027,0.976820931877112,1,0.988274573711197,1,1,1
EBS,20270011,FullHCL,0.999174476763949,0.979665264922209,0.000554251434533125,0.943962115232833,0.973307291666667,0.958410129016748,0.986169866579889,0.97506435006435,0.980585665749879,1,1,1
ES,20270011,DirectFlat,0.992782505655499,0.247303171791982,0.00256587009803922,0.32855614973262,1,0.494606343583964,NaN,NaN,NaN,NaN,0,0
ES,20270011,CalibratedFlat,0.992782505655499,0.989246455313048,0.00256587009803922,0.958190327613105,0.999674479166667,0.978492910626095,0,NaN,0,1,1,1
ES,20270011,FullHCL,0.992782505655499,0.989327811404906,0.00256587009803922,0.958203368683718,1,0.978655622809812,NaN,NaN,NaN,1,1,1
BS,20270012,DirectFlat,0.99710097917976,0,0.00145490802539476,0,NaN,0,0,0,0,NaN,0,0
BS,20270012,CalibratedFlat,0.99710097917976,0.999735997725519,0.00145490802539476,0,NaN,0,0.998944548185435,1,0.999471995451038,1,1,1
BS,20270012,FullHCL,0.99710097917976,0.991469409674888,0.00145490802539476,0,NaN,0,0.999495925396959,0.966921326397919,0.982938819349775,1,1,1
EB,20270012,DirectFlat,0.981426035346175,0.242491218376288,0.00671713300114987,0.320116709216902,1,0.484982436752575,0,0,0,NaN,NaN,NaN
EB,20270012,CalibratedFlat,0.981426035346175,0.958661082015747,0.00671713300114987,0.90567779658409,0.9580078125,0.931108123072056,0.972803018393334,1,0.986214040959439,NaN,NaN,NaN
EB,20270012,FullHCL,0.981426035346175,0.944978372655188,0.00671713300114987,0.858044164037855,0.973958333333333,0.912334197286172,0.982771290928391,0.972527472527473,0.977622548024205,NaN,NaN,NaN
EBS,20270012,DirectFlat,0.998408315738184,0.110771560699895,0.00106355270012155,0.199267019102909,1,0.332314682099684,0,0,0,NaN,0,0
EBS,20270012,CalibratedFlat,0.998408315738184,0.985323394239202,0.00106355270012155,0.985341196293176,0.951822916666667,0.968292077158705,0.975656173182143,1,0.9876781055589,1,1,1
EBS,20270012,FullHCL,0.998408315738184,0.977589579535101,0.00106355270012155,0.935696361355082,0.971028645833333,0.953035143769968,0.985127362366475,0.974398569570871,0.979733594835336,1,1,1
ES,20270012,DirectFlat,0.992167945094873,0.247074435999517,0.00278607536764706,0.328152539657106,1,0.494148871999035,NaN,NaN,NaN,NaN,0,0
ES,20270012,CalibratedFlat,0.992167945094873,0.988471935124821,0.00278607536764706,0.95492695057507,1,0.976943870249642,0,NaN,0,1,1,1
ES,20270012,FullHCL,0.992167945094873,0.988433102790365,0.00278607536764706,0.954778554778555,1,0.97686620558073,NaN,NaN,NaN,1,1,1
BS,20270013,DirectFlat,0.997674465632647,0,0.00117093634179123,0,NaN,0,0,0,0,NaN,0,0
BS,20270013,CalibratedFlat,0.997674465632647,0.999757791054416,0.00117093634179123,0,NaN,0,0.999031633311814,1,0.999515582108833,1,1,1
BS,20270013,FullHCL,0.997674465632647,0.992106450157871,0.00117093634179123,0,NaN,0,0.999500291496627,0.969386106623586,0.984212900315742,1,1,1
EB,20270013,DirectFlat,0.986489017310111,0.245200941852576,0.00483512695798706,0.32485591920901,1,0.490401883705152,0,0,0,NaN,NaN,NaN
EB,20270013,CalibratedFlat,0.986489017310111,0.968496251278431,0.00483512695798706,0.930396613889324,0.965983072916667,0.947855945061088,0.978506607228148,1,0.989136557495775,NaN,NaN,NaN
EB,20270013,FullHCL,0.986489017310111,0.955995572430416,0.00483512695798706,0.889037037037037,0.976725260416667,0.930820536683729,0.985235009433188,0.977139602993817,0.981170608177102,NaN,NaN,NaN
EBS,20270013,DirectFlat,0.999399944859798,0.110735624104463,0.000401876873615154,0.199189495866429,1,0.33220687231339,0,0,0,NaN,0,0
EBS,20270013,CalibratedFlat,0.999399944859798,0.988067326138634,0.000401876873615154,0.995088075880759,0.956217447916667,0.975265604249668,0.978114877143083,1,0.988936374166234,1,1,1
EBS,20270013,FullHCL,0.999399944859798,0.980167651204667,0.000401876873615154,0.946643445218493,0.97314453125,0.959711075441413,0.986198448346264,0.975444264943457,0.980791878172589,1,1,1
ES,20270013,DirectFlat,0.9936120320207,0.247612138798211,0.00226907169117647,0.329101719427929,1,0.495224277596421,NaN,NaN,NaN,NaN,0,0
ES,20270013,CalibratedFlat,0.9936120320207,0.990335463258786,0.00226907169117647,0.962829360100376,0.999186197916667,0.980670926517572,0,NaN,0,1,1,1
ES,20270013,FullHCL,0.9936120320207,0.990538922155689,0.00226907169117647,0.9628584861307,1,0.981077844311377,NaN,NaN,NaN,1,1,1
BS,20270014,DirectFlat,0.997490894374747,0,0.00126231777832071,0,NaN,0,0,0,0,NaN,0,0
BS,20270014,CalibratedFlat,0.997490894374747,0.999716988760411,0.00126231777832071,0,NaN,0,0.998868595442056,1,0.999433977520822,1,1,1
BS,20270014,FullHCL,0.997490894374747,0.990646889163576,0.00126231777832071,0,NaN,0,0.99983207388749,0.963430420711974,0.981293778327153,1,1,1
EB,20270014,DirectFlat,0.970896268617441,0.239392168322618,0.0105906235636586,0.314737974489012,1,0.478784336645237,0,0,0,NaN,NaN,NaN
EB,20270014,CalibratedFlat,0.970896268617441,0.944348036508976,0.0105906235636586,0.855998835177635,0.956868489583333,0.903627420842299,0.970576634850517,1,0.985068652175654,0,NaN,0
EB,20270014,FullHCL,0.970896268617441,0.933364175161773,0.0105906235636586,0.817435335979198,0.97216796875,0.888112407999405,0.980893279986936,0.976349154746424,0.978615942324142,NaN,NaN,NaN
EBS,20270014,DirectFlat,0.999188759450952,0.110747600378532,0.000542958908869777,0.19921533024221,1,0.332242801135596,0,0,0,NaN,0,0
EBS,20270014,CalibratedFlat,0.999188759450952,0.985685898237926,0.000542958908869777,0.992,0.948567708333333,0.969797820118146,0.974840287088887,1,0.987259874595631,1,1,1
EBS,20270014,FullHCL,0.999188759450952,0.97608172869142,0.000542958908869777,0.934096971598933,0.968912760416667,0.951186386514341,0.984237747311387,0.969983818770227,0.97705879955992,1,1,1
ES,20270014,DirectFlat,0.992354904705502,0.247144006436042,0.00271905637254902,0.328275272494123,1,0.494288012872084,NaN,NaN,NaN,NaN,0,0
ES,20270014,CalibratedFlat,0.992354904705502,0.988623707239459,0.00271905637254902,0.955804544039838,0.999674479166667,0.977247414478918,0,NaN,0,1,1,1
ES,20270014,FullHCL,0.992354904705502,0.988705058860961,0.00271905637254902,0.955818294959552,1,0.977410117721922,NaN,NaN,NaN,1,1,1
BS,20270015,DirectFlat,0.997403018990424,0,0.00130213631739573,0,NaN,0,0,0,0,NaN,0,0
BS,20270015,CalibratedFlat,0.997403018990424,0.999837345478204,0.00130213631739573,0,NaN,0,0.999349593495935,1,0.999674690956409,1,1,1
BS,20270015,FullHCL,0.997403018990424,0.991774820203356,0.00130213631739573,0,NaN,0,0.999663922029911,0.967946631955744,0.983549640406712,1,1,1
EB,20270015,DirectFlat,0.992113310799936,0.246578641088414,0.00281641567996321,0.32727853832632,1,0.493157282176827,0,0,0,NaN,NaN,NaN
EB,20270015,CalibratedFlat,0.992113310799936,0.974506691335113,0.00281641567996321,0.95632481397606,0.962239583333333,0.959273081291579,0.979688987622977,1,0.989740301378647,NaN,NaN,NaN
EB,20270015,FullHCL,0.992113310799936,0.960883665316846,0.00281641567996321,0.909049567985448,0.97607421875,0.941370379091123,0.986791369267372,0.974084872044056,0.980396951542568,NaN,NaN,NaN
EBS,20270015,DirectFlat,0.999430736951678,0.111008726760258,0.000379790789530796,0.199778890550823,1,0.333026180280774,0,0,0,NaN,0,0
EBS,20270015,CalibratedFlat,0.999430736951678,0.987221028203913,0.000379790789530796,0.994902293967715,0.952962239583333,0.973480754842464,0.976640711902113,1,0.988182329769274,1,1,1
EBS,20270015,FullHCL,0.999430736951678,0.979667583324426,0.000379790789530796,0.945428661815881,0.972819010416667,0.958928284935023,0.985842456169232,0.974373576309795,0.980074465038255,1,1,1
ES,20270015,DirectFlat,0.992541934789047,0.247213616062447,0.00265203737745098,0.328398097172484,1,0.494427232124894,NaN,NaN,NaN,NaN,0,0
ES,20270015,CalibratedFlat,0.992541934789047,0.988977317946677,0.00265203737745098,0.956860302133624,1,0.977954635893355,NaN,NaN,NaN,1,1,1
ES,20270015,FullHCL,0.992541934789047,0.988977317946677,0.00265203737745098,0.956860302133624,1,0.977954635893355,NaN,NaN,NaN,1,1,1
BS,20270016,DirectFlat,0.99813538710985,0,0.000936329588014981,0,NaN,0,0,0,0,NaN,0,0
BS,20270016,CalibratedFlat,0.99813538710985,0.999777174573593,0.000936329588014981,0,NaN,0,0.9991090953268,1,0.999554349147186,1,1,1
BS,20270016,FullHCL,0.99813538710985,0.990923343510191,0.000936329588014981,0,NaN,0,0.999747941522433,0.964575226977951,0.981846687020381,1,1,1
EB,20270016,DirectFlat,0.992974238875878,0.247392792430038,0.00249913822819717,0.328714354502167,1,0.494785584860077,0,0,0,NaN,NaN,NaN
EB,20270016,CalibratedFlat,0.992974238875878,0.973826495676683,0.00249913822819717,0.961104755679033,0.957194010416667,0.959145396721846,0.977276338789131,1,0.98850759463152,NaN,NaN,NaN
EB,20270016,FullHCL,0.992974238875878,0.959433822113202,0.00249913822819717,0.912444512475126,0.97021484375,0.940443322552654,0.983568846533027,0.973333333333333,0.97842432167375,NaN,NaN,NaN
EBS,20270016,DirectFlat,0.999464015982069,0.110882512181917,0.000358259510161542,0.199506429406416,1,0.33264753654575,0,0,0,NaN,0,0
EBS,20270016,CalibratedFlat,0.999464015982069,0.988106932651632,0.000358259510161542,0.995593220338983,0.9560546875,0.975423447359681,0.97803853167367,1,0.988897350595214,1,1,1
EBS,20270016,FullHCL,0.999464015982069,0.977415044175061,0.000358259510161542,0.937117766975067,0.97265625,0.954556345339829,0.985744891232696,0.969763294422827,0.977688787185355,1,1,1
ES,20270016,DirectFlat,0.993745956437352,0.247662044501774,0.00222120098039216,0.329189884269181,1,0.495324089003547,NaN,NaN,NaN,NaN,0,0
ES,20270016,CalibratedFlat,0.993745956437352,0.990653459019013,0.00222120098039216,0.963602133668026,0.999674479166667,0.981306918038025,0,NaN,0,1,1,1
ES,20270016,FullHCL,0.993745956437352,0.99073482428115,0.00222120098039216,0.963613550815558,1,0.9814696485623,NaN,NaN,NaN,1,1,1
BS,20270017,DirectFlat,0.997824159883955,0,0.00110073790207509,0,NaN,0,0,0,0,NaN,0,0
BS,20270017,CalibratedFlat,0.997824159883955,0.999759653901618,0.00110073790207509,0,NaN,0,0.999039077514414,1,0.999519307803237,1,1,1
BS,20270017,FullHCL,0.997824159883955,0.99185468762727,0.00110073790207509,0,NaN,0,0.999917204835238,0.968018595703751,0.983709375254541,1,1,1
EB,20270017,DirectFlat,0.91139989643183,0.219350232059979,0.0344157088122605,0.28098417634684,1,0.438700464119957,0,0,0,NaN,NaN,NaN
EB,20270017,CalibratedFlat,0.91139989643183,0.880464426836503,0.0344157088122605,0.842535168658297,0.906575520833333,0.873382987063896,0.797826930539387,1,0.887545866609109,NaN,NaN,NaN
EB,20270017,FullHCL,0.91139989643183,0.866415818603608,0.0344157088122605,0.701472877499701,0.953450520833333,0.808278716798896,0.877860370208424,0.976491569390402,0.92455292040832,NaN,NaN,NaN
EBS,20270017,DirectFlat,0.999304870754458,0.110428124663,0.000467533597181751,0.198526560682435,1,0.331284373989,0,0,0,NaN,0,0
EBS,20270017,CalibratedFlat,0.999304870754458,0.98756045110849,0.000467533597181751,0.993564775613887,0.954915364583333,0.973856751597643,0.977896221978367,1,0.988824601727827,1,1,1
EBS,20270017,FullHCL,0.999304870754458,0.979030835614327,0.000467533597181751,0.941584002519288,0.973307291666667,0.95718287314926,0.98643599740091,0.973469060596345,0.979909633693723,1,1,1
ES,20270017,DirectFlat,0.993237235619022,0.247472509767592,0.00240310968137255,0.32885510892255,1,0.494945019535183,NaN,NaN,NaN,NaN,0,0
ES,20270017,CalibratedFlat,0.993237235619022,0.989991227370604,0.00240310968137255,0.960750586395622,1,0.979982454741207,NaN,NaN,NaN,1,1,1
ES,20270017,FullHCL,0.993237235619022,0.989991227370604,0.00240310968137255,0.960750586395622,1,0.979982454741207,NaN,NaN,NaN,1,1,1
BS,20270018,DirectFlat,0.997693148245579,0,0.0011605652156208,0,NaN,0,0,0,0,NaN,0,0
BS,20270018,CalibratedFlat,0.997693148245579,0.999797881801277,0.0011605652156208,0,NaN,0,0.999191853887183,1,0.999595763602555,1,1,1
BS,20270018,FullHCL,0.997693148245579,0.991799909572938,0.0011605652156208,0,NaN,0,1,0.967728890326755,0.983599819145875,1,1,1
EB,20270018,DirectFlat,0.977436490822069,0.240497905820644,0.00822658587098259,0.316652064113797,1,0.480995811641289,0,0,0,NaN,NaN,NaN
EB,20270018,CalibratedFlat,0.977436490822069,0.953121039998461,0.00822658587098259,0.885894926990817,0.957845052083333,0.920466098381168,0.971950933666693,1,0.985775981615753,NaN,NaN,NaN
EB,20270018,FullHCL,0.977436490822069,0.942070419301208,0.00822658587098259,0.846600566572238,0.972819010416667,0.905331717661315,0.981101599095461,0.976527331189711,0.978809120941101,NaN,NaN,NaN
EBS,20270018,DirectFlat,0.999302344447148,0.110762574364521,0.000466964945050172,0.199247632637177,1,0.332287723093564,0,0,0,NaN,0,0
EBS,20270018,CalibratedFlat,0.999302344447148,0.98719444381907,0.000466964945050172,0.993556045446837,0.95361328125,0.973174985466323,0.977082345503398,1,0.988408345990887,1,1,1
EBS,20270018,FullHCL,0.999302344447148,0.979390846455317,0.000466964945050172,0.943068916574673,0.973307291666667,0.957949539447337,0.986404586404586,0.974118408282109,0.980222999918613,1,1,1
ES,20270018,DirectFlat,0.992488490428883,0.247193723596862,0.00267118566176471,0.328362995029662,1,0.494387447193724,NaN,NaN,NaN,NaN,0,0
ES,20270018,CalibratedFlat,0.992488490428883,0.988858825401878,0.00267118566176471,0.956555590158829,0.999837239583333,0.977717650803756,0,NaN,0,1,1,1
ES,20270018,FullHCL,0.992488490428883,0.988899498687037,0.00267118566176471,0.956562354040168,1,0.977798997374075,NaN,NaN,NaN,1,1,1
BS,20270019,DirectFlat,0.99795235681703,0,0.0010278015223674,0,NaN,0,0,0,0,NaN,0,0
BS,20270019,CalibratedFlat,0.99795235681703,0.999817496045748,0.0010278015223674,0,NaN,0,0.999270250547312,1,0.999634992091495,1,1,1
BS,20270019,FullHCL,0.99795235681703,0.990704015865146,0.0010278015223674,0,NaN,0,0.999747474747475,0.963729308666018,0.981408031730293,1,1,1
EB,20270019,DirectFlat,0.992286265266767,0.24635124298316,0.00275978381693434,0.326878059161524,1,0.492702485966319,0,0,0,NaN,NaN,NaN
EB,20270019,CalibratedFlat,0.992286265266767,0.974915742236657,0.00275978381693434,0.957577720207254,0.962565104166667,0.960064935064935,0.979740424184869,1,0.989766549408379,NaN,NaN,NaN
EB,20270019,FullHCL,0.992286265266767,0.963099028146483,0.00275978381693434,0.913109524532888,0.978352864583333,0.944605955841911,0.987652301905307,0.975605815831987,0.981592100451054,NaN,NaN,NaN
EBS,20270019,DirectFlat,0.999512528029638,0.110918544194107,0.000325648039598802,0.1995841995842,1,0.332755632582322,0,0,0,NaN,0,0
EBS,20270019,CalibratedFlat,0.999512528029638,0.987976681186722,0.000325648039598802,0.995590230664858,0.955403645833333,0.975083056478405,0.977940009522298,1,0.988846987081762,1,1,1
EBS,20270019,FullHCL,0.999512528029638,0.978526914426593,0.000325648039598802,0.939855527638191,0.97412109375,0.956681585677749,0.986727122835944,0.971194417396949,0.978899157602028,1,1,1
ES,20270019,DirectFlat,0.993451370361387,0.247552278496313,0.00232651654411765,0.328995983935743,1,0.495104556992627,NaN,NaN,NaN,NaN,0,0
ES,20270019,CalibratedFlat,0.993451370361387,0.990263367916999,0.00232651654411765,0.961948011274663,0.999837239583333,0.980526735833998,0,NaN,0,1,1,1
ES,20270019,FullHCL,0.993451370361387,0.990304045966004,0.00232651654411765,0.96195396899953,1,0.980608091932009,NaN,NaN,NaN,1,1,1
BS,20270020,DirectFlat,0.997262718222186,0,0.00137351456942862,0,NaN,0,0,0,0,NaN,0,0
BS,20270020,CalibratedFlat,0.997262718222186,0.999654822335025,0.00137351456942862,0,NaN,0,0.998620241863485,1,0.999309644670051,1,1,1
BS,20270020,FullHCL,0.997262718222186,0.99174167974234,0.00137351456942862,0,NaN,0,0.999580325667282,0.967896618985696,0.983483359484681,1,1,1
EB,20270020,DirectFlat,0.98331384844298,0.243346007604563,0.00601670882195141,0.321608040201005,1,0.486692015209125,0,0,0,NaN,NaN,NaN
EB,20270020,CalibratedFlat,0.98331384844298,0.959567164864133,0.00601670882195141,0.914196567862715,0.953776041666667,0.933566990600605,0.971545354504009,1,0.985567339127661,NaN,NaN,NaN
EB,20270020,FullHCL,0.98331384844298,0.947245141453931,0.00601670882195141,0.868287003347402,0.971028645833333,0.916788321167883,0.981649131392219,0.97378640776699,0.977701961739978,NaN,NaN,NaN
EBS,20270020,DirectFlat,0.99912232227026,0.110921547918867,0.000586039242924119,0.199590683169282,1,0.332764643756601,0,0,0,NaN,0,0
EBS,20270020,CalibratedFlat,0.99912232227026,0.98704569272569,0.000586039242924119,0.99221394719025,0.9541015625,0.972784600066379,0.97697316182309,1,0.988352478110692,1,1,1
EBS,20270020,FullHCL,0.99912232227026,0.979297874412437,0.000586039242924119,0.942631993695824,0.973470052083333,0.95780286652254,0.98601628691289,0.974236020806242,0.98009075671477,1,1,1
ES,20270020,DirectFlat,0.992167945094873,0.247074435999517,0.00278607536764706,0.328152539657106,1,0.494148871999035,NaN,NaN,NaN,NaN,0,0
ES,20270020,CalibratedFlat,0.992167945094873,0.98831106870229,0.00278607536764706,0.954757462686567,0.99951171875,0.97662213740458,0,NaN,0,1,1,1
ES,20270020,FullHCL,0.992167945094873,0.988433102790365,0.00278607536764706,0.954778554778555,1,0.97686620558073,NaN,NaN,NaN,1,1,1
BS,20270021,DirectFlat,0.998022678665106,0,0.000998492073195582,0,NaN,0,0,0,0,NaN,0,0
BS,20270021,CalibratedFlat,0.998022678665106,0.999799180657081,0.000998492073195582,0,NaN,0,0.999197045126064,1,0.999598361314162,1,1,1
BS,20270021,FullHCL,0.998022678665106,0.991334913757868,0.000998492073195582,0,NaN,0,0.999916819164864,0.966007714561234,0.982669827515736,1,1,1
EB,20270021,DirectFlat,0.991605148842044,0.245318426831703,0.00302082933752733,0.325062166022962,1,0.490636853663406,0,0,0,NaN,NaN,NaN
EB,20270021,CalibratedFlat,0.991605148842044,0.965558047887302,0.00302082933752733,0.954613716002002,0.93115234375,0.942737084946857,0.977025013722261,1,0.988379010827748,0,NaN,0
EB,20270021,FullHCL,0.991605148842044,0.960883530203035,0.00302082933752733,0.911365369946606,0.972330729166667,0.940861485156312,0.984713684891621,0.977126805778491,0.980905575249758,NaN,NaN,NaN
EBS,20270021,DirectFlat,0.999433537799213,0.11054435538283,0.000380418242685101,0.198777055226633,1,0.33163306614849,0,0,0,NaN,0,0
EBS,20270021,CalibratedFlat,0.999433537799213,0.988056952336107,0.000380418242685101,0.994918699186992,0.9560546875,0.975099601593626,0.978378803365044,1,0.989071255414696,1,1,1
EBS,20270021,FullHCL,0.999433537799213,0.979262353403434,0.000380418242685101,0.942501575299307,0.973795572916667,0.957893051552994,0.986639511201629,0.973240115718419,0.979894008657308,1,1,1
ES,20270021,DirectFlat,0.993156958887871,0.247442609746275,0.00243183210784314,0.328802311891255,1,0.494885219492549,NaN,NaN,NaN,NaN,0,0
ES,20270021,CalibratedFlat,0.993156958887871,0.989589150378939,0.00243183210784314,0.96025661085902,0.998860677083333,0.979178300757878,0,NaN,0,1,1,1
ES,20270021,FullHCL,0.993156958887871,0.989874023281773,0.00243183210784314,0.960300093779306,1,0.979748046563547,NaN,NaN,NaN,1,1,1
BS,20270022,DirectFlat,0.997952024656812,0,0.00102775968739824,0,NaN,0,0,0,0,NaN,0,0
BS,20270022,CalibratedFlat,0.997952024656812,0.999857994887816,0.00102775968739824,0,NaN,0,0.999432140829074,1,0.999715989775632,1,1,1
BS,20270022,FullHCL,0.997952024656812,0.991624721511676,0.00102775968739824,0,NaN,0,0.999832186608491,0.967207792207792,0.983249443023352,1,1,1
EB,20270022,DirectFlat,0.990846374788608,0.246499498495486,0.00326553282770244,0.32713912997178,1,0.492998996990973,0,0,0,NaN,NaN,NaN
EB,20270022,CalibratedFlat,0.990846374788608,0.970202129140046,0.00326553282770244,0.950445344129555,0.955240885416667,0.952837080931894,0.975439708445571,1,0.987567177348199,NaN,NaN,NaN
EB,20270022,FullHCL,0.990846374788608,0.955925849955019,0.00326553282770244,0.899306602351522,0.971028645833333,0.933792455783378,0.984049987667516,0.972141000649773,0.97805924412666,NaN,NaN,NaN
EBS,20270022,DirectFlat,0.999447495856219,0.110918544194107,0.000369051754081278,0.1995841995842,1,0.332755632582322,0,0,0,NaN,0,0
EBS,20270022,CalibratedFlat,0.999447495856219,0.987201427376299,0.000369051754081278,0.994901427600272,0.952799479166667,0.973395410708347,0.97669256381798,1,0.98820887142055,1,1,1
EBS,20270022,FullHCL,0.999447495856219,0.979259566687546,0.000369051754081278,0.945042762115933,0.97119140625,0.957938673944453,0.985308601444517,0.974431818181818,0.979840026118185,1,1,1
ES,20270022,DirectFlat,0.992461770407064,0.247183778564532,0.00268075980392157,0.328345446772125,1,0.494367557129063,NaN,NaN,NaN,NaN,0,0
ES,20270022,CalibratedFlat,0.992461770407064,0.988858825401878,0.00268075980392157,0.956555590158829,0.999837239583333,0.977717650803756,0,NaN,0,1,1,1
ES,20270022,FullHCL,0.992461770407064,0.988860598345003,0.00268075980392157,0.956413449564135,1,0.977721196690006,NaN,NaN,NaN,1,1,1
BS,20270023,DirectFlat,0.99737532808399,0,0.00132409859441842,0,NaN,0,0,0,0,NaN,0,0
BS,20270023,CalibratedFlat,0.99737532808399,0.999698055477274,0.00132409859441842,0,NaN,0,0.998792950832864,1,0.999396110954547,1,1,1
BS,20270023,FullHCL,0.99737532808399,0.991562909567497,0.00132409859441842,0,NaN,0,0.999833388870377,0.966967450854012,0.983125819134993,1,1,1
EB,20270023,DirectFlat,0.99146670946687,0.245996156310058,0.00305707823820294,0.32625318606627,1,0.491992312620115,0,0,0,NaN,NaN,NaN
EB,20270023,CalibratedFlat,0.99146670946687,0.972287537825609,0.00305707823820294,0.952619663648124,0.958821614583333,0.955710577547047,0.977974263835162,1,0.988864498104171,NaN,NaN,NaN
EB,20270023,FullHCL,0.99146670946687,0.957887328627194,0.00305707823820294,0.901987353206865,0.97509765625,0.937118723603942,0.985830125317389,0.971585405230869,0.978655933650445,NaN,NaN,NaN
EBS,20270023,DirectFlat,0.999271054379343,0.110621978556189,0.000488939110782737,0.19894440306965,1,0.331865935668566,0,0,0,NaN,0,0
EBS,20270023,CalibratedFlat,0.999271054379343,0.986836612320302,0.000488939110782737,0.99388379204893,0.9521484375,0.972568578553616,0.976169878096736,1,0.987941258407291,1,1,1
EBS,20270023,FullHCL,0.999271054379343,0.978260251194306,0.000488939110782737,0.94226510597912,0.969563802083333,0.955719557195572,0.984363547520156,0.973815662262327,0.979061196387348,1,1,1
ES,20270023,DirectFlat,0.992141242329637,0.247064500562972,0.00279564950980392,0.328135013885922,1,0.494129001125945,NaN,NaN,NaN,NaN,0,0
ES,20270023,CalibratedFlat,0.992141242329637,0.988312927333439,0.00279564950980392,0.954616101958346,0.999674479166667,0.976625854666879,0,NaN,0,1,1,1
ES,20270023,FullHCL,0.992141242329637,0.988394276629571,0.00279564950980392,0.954630205096333,1,0.976788553259141,NaN,NaN,NaN,1,1,1
BS,20270024,DirectFlat,0.998239115914749,0,0.000885766646304215,0,NaN,0,0,0,0,NaN,0,0
BS,20270024,CalibratedFlat,0.998239115914749,0.999858591572058,0.000885766646304215,0,NaN,0,0.999434526213749,1,0.999717183144115,1,1,1
BS,20270024,FullHCL,0.998239115914749,0.991347062934188,0.000885766646304215,0,NaN,0,0.999832705980761,0.966133204009053,0.982694125868377,1,1,1
EB,20270024,DirectFlat,0.991737299429607,0.245377211549982,0.00297287966550309,0.325165387668695,1,0.490754423099964,0,0,0,NaN,NaN,NaN
EB,20270024,CalibratedFlat,0.991737299429607,0.97216809378057,0.00297287966550309,0.954405322083401,0.957356770833333,0.95587876818071,0.977178260528586,1,0.988457419380429,NaN,NaN,NaN
EB,20270024,FullHCL,0.991737299429607,0.957283233032709,0.00297287966550309,0.903313663186564,0.9716796875,0.936250294048459,0.984477854530679,0.97223113964687,0.978316172016959,NaN,NaN,NaN
EBS,20270024,DirectFlat,0.999497071659177,0.11077755240027,0.000336678396107563,0.19927994550939,1,0.332332657200811,0,0,0,NaN,0,0
EBS,20270024,CalibratedFlat,0.999497071659177,0.988794143332779,0.000336678396107563,0.995941146626078,0.95849609375,0.976859915401841,0.979262308057622,1,0.989522514596497,1,1,1
EBS,20270024,FullHCL,0.999497071659177,0.979190112722567,0.000336678396107563,0.941814750746973,0.974772135416667,0.95801007758138,0.986954381358713,0.972276107339153,0.979560260586319,1,1,1
ES,20270024,DirectFlat,0.993344291449974,0.247512387704951,0.0023648131127451,0.328925531345361,1,0.495024775409902,NaN,NaN,NaN,NaN,0,0
ES,20270024,CalibratedFlat,0.993344291449974,0.990106909206957,0.0023648131127451,0.961345852895149,0.999837239583333,0.980213818413914,0,NaN,0,1,1,1
ES,20270024,FullHCL,0.993344291449974,0.99014758675708,0.0023648131127451,0.961351901110937,1,0.98029517351416,NaN,NaN,NaN,1,1,1
BS,20270025,DirectFlat,0.997312316863696,0,0.00135432365280437,0,NaN,0,0,0,0,NaN,0,0
BS,20270025,CalibratedFlat,0.997312316863696,0.999697470856359,0.00135432365280437,0,NaN,0,0.998790615173748,1,0.999394941712718,1,1,1
BS,20270025,FullHCL,0.997312316863696,0.99244193191594,0.00135432365280437,0,NaN,0,0.999833652166681,0.970374556021957,0.984883863831879,1,1,1
EB,20270025,DirectFlat,0.985403602401601,0.244430299172502,0.00523866074164879,0.323504633529907,1,0.488860598345003,0,0,0,NaN,NaN,NaN
EB,20270025,CalibratedFlat,0.985403602401601,0.958170671926017,0.00523866074164879,0.921854942233633,0.93505859375,0.928409825468649,0.976150859678314,1,0.987931518383385,0,NaN,0
EB,20270025,FullHCL,0.985403602401601,0.949900356897901,0.00523866074164879,0.874087058136138,0.973958333333333,0.921324095458045,0.984710234278668,0.972321428571429,0.978476618337758,NaN,NaN,NaN
EBS,20270025,DirectFlat,0.999140907396301,0.11067279113753,0.000575711492504888,0.199053975247846,1,0.332018373412591,0,0,0,NaN,0,0
EBS,20270025,CalibratedFlat,0.999140907396301,0.986641293211151,0.000575711492504888,0.992367706919946,0.952311197916667,0.971926910299003,0.976278666561589,1,0.98799696933445,1,1,1
EBS,20270025,FullHCL,0.999140907396301,0.979459448247651,0.000575711492504888,0.945474718655888,0.970865885416667,0.958002087850317,0.984848484848485,0.975944462382951,0.980376256892637,1,1,1
ES,20270025,DirectFlat,0.991820921222557,0.246945337620579,0.00291053921568627,0.327924850555081,1,0.493890675241158,NaN,NaN,NaN,NaN,0,0
ES,20270025,CalibratedFlat,0.991820921222557,0.987888174092606,0.00291053921568627,0.952846285093842,0.999837239583333,0.975776348185212,0,NaN,0,1,1,1
ES,20270025,FullHCL,0.991820921222557,0.987928843710292,0.00291053921568627,0.952853598014888,1,0.975857687420585,NaN,NaN,NaN,1,1,1
BS,20270026,DirectFlat,0.99797685522376,0,0.00101816404659119,0,NaN,0,0,0,0,NaN,0,0
BS,20270026,CalibratedFlat,0.99797685522376,0.999858637263217,0.00101816404659119,0,NaN,0,0.999434708875071,1,0.999717274526435,1,1,1
BS,20270026,FullHCL,0.99797685522376,0.992019203151286,0.00101816404659119,0,NaN,0,0.999666527719883,0.968891402714932,0.984038406302573,1,1,1
EB,20270026,DirectFlat,0.991447509087022,0.24582883207298,0.00306713184833033,0.325958936813624,1,0.491657664145961,0,0,0,NaN,NaN,NaN
EB,20270026,CalibratedFlat,0.991447509087022,0.973567471962203,0.00306713184833033,0.953687268032919,0.9619140625,0.957782999756908,0.978928261384263,1,0.989351944167497,NaN,NaN,NaN
EB,20270026,FullHCL,0.991447509087022,0.959367795677371,0.00306713184833033,0.906406179009541,0.97412109375,0.939044481054366,0.985242560130453,0.974201870364399,0.979691110300377,NaN,NaN,NaN
EBS,20270026,DirectFlat,0.999416077337313,0.110747600378532,0.000390998349118081,0.19921533024221,1,0.332242801135596,0,0,0,NaN,0,0
EBS,20270026,CalibratedFlat,0.999416077337313,0.988452877441521,0.000390998349118081,0.995095552173178,0.957682291666667,0.976030521688646,0.978881594558254,1,0.989328110635917,1,1,1
EBS,20270026,FullHCL,0.999416077337313,0.980201684468996,0.000390998349118081,0.944672131147541,0.975423177083333,0.959801409352979,0.987389452997052,0.974305106658048,0.98080364405401,1,1,1
ES,20270026,DirectFlat,0.992916206534328,0.247352953017432,0.0025179993872549,0.3286440224659,1,0.494705906034865,NaN,NaN,NaN,NaN,0,0
ES,20270026,CalibratedFlat,0.992916206534328,0.989400701306981,0.0025179993872549,0.95893191755153,0.99951171875,0.978801402613962,0,NaN,0,1,1,1
ES,20270026,FullHCL,0.992916206534328,0.989522747191459,0.0025179993872549,0.958951147182769,1,0.979045494382918,NaN,NaN,NaN,1,1,1
BS,20270027,DirectFlat,0.997161164733555,0,0.00142432751393806,0,NaN,0,0,0,0,NaN,0,0
BS,20270027,CalibratedFlat,0.997161164733555,0.999756216479766,0.00142432751393806,0,NaN,0,0.999025341130604,1,0.999512432959532,1,1,1
BS,20270027,FullHCL,0.997161164733555,0.991631885615108,0.00142432751393806,0,NaN,0,0.999831918648626,0.967235772357724,0.983263771230216,1,1,1
EB,20270027,DirectFlat,0.991024104408044,0.245103123628675,0.003231807894434,0.32468424668393,1,0.49020624725735,0,0,0,NaN,NaN,NaN
EB,20270027,CalibratedFlat,0.991024104408044,0.973256047355199,0.003231807894434,0.951721918249115,0.962565104166667,0.957112801424179,0.979020979020979,1,0.989399293286219,NaN,NaN,NaN
EB,20270027,FullHCL,0.991024104408044,0.959710343709498,0.003231807894434,0.904740338164251,0.975423177083333,0.93875313283208,0.986360315011772,0.975040128410915,0.980667554586915,NaN,NaN,NaN
EBS,20270027,DirectFlat,0.999122208134205,0.110924551806315,0.000586013803880714,0.199597167175622,1,0.332773655418946,0,0,0,NaN,0,0
EBS,20270027,CalibratedFlat,0.999122208134205,0.98862440170208,0.000586013803880714,0.992263706693576,0.960286458333333,0.97601323407775,0.979923518164436,1,0.989859971028489,1,1,1
EBS,20270027,FullHCL,0.999122208134205,0.97958984583423,0.000586013803880714,0.941001098383807,0.97607421875,0.95821682511784,0.987628865979381,0.973577235772358,0.980552712384852,1,1,1
ES,20270027,DirectFlat,0.992408334679373,0.247163890900314,0.00269990808823529,0.328310355883296,1,0.494327781800628,NaN,NaN,NaN,NaN,0,0
ES,20270027,CalibratedFlat,0.992408334679373,0.988660778228694,0.00269990808823529,0.956095282578235,0.99951171875,0.977321556457388,0,NaN,0,1,1,1
ES,20270027,FullHCL,0.992408334679373,0.988742143368605,0.00269990808823529,0.956108949416342,0.999837239583333,0.977484286737211,0,NaN,0,1,1,1
BS,20270028,DirectFlat,0.997265379707092,0,0.001373850036636,0,NaN,0,0,0,0,NaN,0,0
BS,20270028,CalibratedFlat,0.997265379707092,0.999797291818698,0.001373850036636,0,NaN,0,0.999189495866429,1,0.999594583637396,1,1,1
BS,20270028,FullHCL,0.997265379707092,0.991147703355206,0.001373850036636,0,NaN,0,0.99983197513232,0.965363400389358,0.982295406710412,1,1,1
EB,20270028,DirectFlat,0.959044279963641,0.234898302492736,0.0151030493410971,0.307015790525685,1,0.469796604985472,0,0,0,NaN,NaN,NaN
EB,20270028,CalibratedFlat,0.959044279963641,0.929488740196499,0.0151030493410971,0.807908828779349,0.957682291666667,0.876442988009235,0.965668600094059,1,0.982534492383763,NaN,NaN,NaN
EB,20270028,FullHCL,0.959044279963641,0.921134281880026,0.0151030493410971,0.772979244553307,0.975911458333333,0.862671750233796,0.981032237056333,0.978165584415584,0.979596813526256,NaN,NaN,NaN
EBS,20270028,DirectFlat,0.999415166677497,0.110903528010181,0.000390794615718628,0.199551787976225,1,0.332710584030542,0,0,0,NaN,0,0
EBS,20270028,CalibratedFlat,0.999415166677497,0.988411389290227,0.000390794615718628,0.995263068854678,0.95751953125,0.976026545002074,0.978645709295864,1,0.989207622868606,1,1,1
EBS,20270028,FullHCL,0.999415166677497,0.97926285937787,0.000390794615718628,0.941833045118692,0.97509765625,0.958176729308277,0.986910348234132,0.972420506164828,0.979611848825332,1,1,1
ES,20270028,DirectFlat,0.993183716356387,0.247452575617222,0.00242225796568627,0.328819909017929,1,0.494905151234444,NaN,NaN,NaN,NaN,0,0
ES,20270028,CalibratedFlat,0.993183716356387,0.989831725017944,0.00242225796568627,0.960437842064113,0.999674479166667,0.979663450035888,0,NaN,0,1,1,1
ES,20270028,FullHCL,0.993183716356387,0.989913085080935,0.00242225796568627,0.960450211036423,1,0.979826170161869,NaN,NaN,NaN,1,1,1
BS,20270029,DirectFlat,0.997483561977433,0,0.00126139322916667,0,NaN,0,0,0,0,NaN,0,0
BS,20270029,CalibratedFlat,0.997483561977433,0.99975597852611,0.00126139322916667,0,NaN,0,0.999024390243902,1,0.999511957052221,1,1,1
BS,20270029,FullHCL,0.997483561977433,0.991729385493342,0.00126139322916667,0,NaN,0,0.999747771985875,0.967692057291667,0.983458770986684,1,1,1
EB,20270029,DirectFlat,0.990672241878418,0.246232766912472,0.00333333333333333,0.32666950233943,1,0.492465533824944,0,0,0,NaN,NaN,NaN
EB,20270029,CalibratedFlat,0.990672241878418,0.972268180373517,0.00333333333333333,0.949373191899711,0.96142578125,0.95536147501213,0.978581627796287,1,0.989174885734905,NaN,NaN,NaN
EB,20270029,FullHCL,0.990672241878418,0.959003717145914,0.00333333333333333,0.90199909815121,0.976725260416667,0.937876064702665,0.986611909650924,0.973735408560311,0.980131369589164,NaN,NaN,NaN
EBS,20270029,DirectFlat,0.999414405621706,0.111014744145707,0.000390625,0.199791883454735,1,0.333044232437121,0,0,0,NaN,0,0
EBS,20270029,CalibratedFlat,0.999414405621706,0.988760219993746,0.000390625,0.995102178686033,0.958984375,0.976709490261086,0.979357615366223,1,0.989571169720153,1,1,1
EBS,20270029,FullHCL,0.999414405621706,0.980460089931669,0.000390625,0.945732765420413,0.975748697916667,0.960506288552431,0.987303157721164,0.974527994791667,0.980873981242577,1,1,1
ES,20270029,DirectFlat,0.992167945094873,0.247074435999517,0.00278607536764706,0.328152539657106,1,0.494148871999035,NaN,NaN,NaN,NaN,0,0
ES,20270029,CalibratedFlat,0.992167945094873,0.988107549120993,0.00278607536764706,0.954722265442664,0.998697916666667,0.976215098241985,0,NaN,0,1,1,1
ES,20270029,FullHCL,0.992167945094873,0.988351753200286,0.00278607536764706,0.954764495569719,0.999674479166667,0.976703506400572,0,NaN,0,1,1,1
BS,20270030,DirectFlat,0.998217468805704,0,0.000895765472312704,0,NaN,0,0,0,0,NaN,0,0
BS,20270030,CalibratedFlat,0.998217468805704,0.999898822291473,0.000895765472312704,0,NaN,0,0.999595371044752,1,0.999797644582946,1,1,1
BS,20270030,FullHCL,0.998217468805704,0.991959695661115,0.000895765472312704,0,NaN,0,0.999916408927527,0.968426165803109,0.983919391322229,1,1,1
EB,20270030,DirectFlat,0.989811391024447,0.24468339307049,0.00367294487705704,0.323948117684277,1,0.48936678614098,0,0,0,NaN,NaN,NaN
EB,20270030,CalibratedFlat,0.989811391024447,0.971564935123163,0.00367294487705704,0.946374259644629,0.962239583333333,0.954240981357437,0.978021978021978,1,0.988888888888889,NaN,NaN,NaN
EB,20270030,FullHCL,0.989811391024447,0.959391488454214,0.00367294487705704,0.903469079939668,0.974934895833333,0.937842492563019,0.985028728655823,0.976886035313002,0.980940484345408,NaN,NaN,NaN
EBS,20270030,DirectFlat,0.999561652731553,0.110843503910373,0.0002931723419041,0.199422246746081,1,0.332530511731118,0,0,0,NaN,0,0
EBS,20270030,CalibratedFlat,0.999561652731553,0.986956291232633,0.0002931723419041,0.995740330550349,0.951171875,0.97294597519354,0.976134028765608,1,0.987922898504359,1,1,1
EBS,20270030,FullHCL,0.999561652731553,0.978641085181557,0.0002931723419041,0.945212005717008,0.96875,0.956836267181095,0.984132177327008,0.974093264248705,0.979086988363577,1,1,1
ES,20270030,DirectFlat,0.993237235619022,0.247472509767592,0.00240310968137255,0.32885510892255,1,0.494945019535183,NaN,NaN,NaN,NaN,0,0
ES,20270030,CalibratedFlat,0.993237235619022,0.989543422733078,0.00240310968137255,0.960682957393484,0.998209635416667,0.979086845466156,0,NaN,0,1,1,1
ES,20270030,FullHCL,0.993237235619022,0.989909866794289,0.00240310968137255,0.960738307523854,0.999674479166667,0.979819733588578,0,NaN,0,1,1,1
